date,height
2005-01-03,1613.0
2005-01-04,1598.0
2005-01-05,1563.0
2005-01-06,1547.0
2005-01-07,1595.0
2005-01-08,1676.0
2005-01-09,1711.0
2005-01-10,1764.0
2005-01-11,1721.0
2005-01-12,1717.0
2005-01-13,1750.0
2005-01-14,1686.0
2005-01-15,1782.0
2005-01-16,1916.0
2005-01-17,1835.0
2005-01-18,1817.0
2005-01-19,1838.0
2005-01-20,1797.0
2005-01-21,1897.0
2005-01-22,1906.0
2005-01-23,1602.0
2005-01-24,1683.0
2005-01-25,1767.0
2005-01-26,1812.0
2005-01-27,1810.0
2005-01-28,1902.0
2005-01-29,1911.0
2005-01-30,1873.0
2005-01-31,1848.0
2005-02-01,1936.0
2005-02-02,1994.0
2005-02-03,1971.0
2005-02-04,1922.0
2005-02-05,1981.0
2005-02-06,1980.0
2005-02-07,1928.0
2005-02-08,1885.0
2005-02-09,1830.0
2005-02-10,1709.0
2005-02-11,1697.0
2005-02-12,1795.0
2005-02-13,1771.0
2005-02-14,1666.0
2005-02-15,1548.0
2005-02-16,1557.0
2005-02-17,1653.0
2005-02-18,1665.0
2005-02-19,1562.0
2005-02-20,1537.0
2005-02-21,1527.0
2005-02-22,1521.0
2005-02-23,1704.0
2005-02-24,1804.0
2005-02-25,1778.0
2005-02-26,1867.0
2005-02-27,2023.0
2005-02-28,2004.0
2005-03-01,1500.0
2005-03-02,1378.0
2005-03-03,1538.0
2005-03-04,1601.0
2005-03-05,1470.0
2005-03-06,1510.0
2005-03-07,1561.0
2005-03-08,1455.0
2005-03-09,1501.0
2005-03-10,1645.0
2005-03-11,1551.0
2005-03-12,1385.0
2005-03-13,1416.0
2005-03-14,1562.0
2005-03-15,1721.0
2005-03-16,1803.0
2005-03-17,1841.0
2005-03-18,1877.0
2005-03-19,1909.0
2005-03-20,1810.0
2005-03-21,1671.0
2005-03-22,1766.0
2005-03-23,1743.0
2005-03-24,1584.0
2005-03-25,1745.0
2005-03-26,1893.0
2005-03-27,2020.0
2005-03-28,1806.0
2005-03-29,1533.0
2005-03-30,1715.0
2005-03-31,1764.0
2005-04-01,1796.0
2005-04-02,1637.0
2005-04-03,1370.0
2005-04-04,1532.0
2005-04-05,1664.0
2005-04-06,1723.0
2005-04-07,1734.0
2005-04-08,1744.0
2005-04-09,1816.0
2005-04-10,1915.0
2005-04-11,1887.0
2005-04-12,1872.0
2005-04-13,1890.0
2005-04-14,1952.0
2005-04-15,2039.0
2005-04-16,2090.0
2005-04-17,2055.0
2005-04-18,1872.0
2005-04-19,1687.0
2005-04-20,1616.0
2005-04-21,1606.0
2005-04-22,1669.0
2005-04-23,1628.0
2005-04-24,1509.0
2005-04-25,1547.0
2005-04-26,1623.0
2005-04-27,1611.0
2005-04-28,1637.0
2005-04-29,1730.0
2005-04-30,1697.0
2005-05-01,1686.0
2005-05-02,1781.0
2005-05-03,1852.0
2005-05-04,1885.0
2005-05-05,1954.0
2005-05-06,1924.0
2005-05-07,1781.0
2005-05-08,1769.0
2005-05-09,1807.0
2005-05-10,1793.0
2005-05-11,1772.0
2005-05-12,1727.0
2005-05-13,1729.0
2005-05-14,1798.0
2005-05-15,1738.0
2005-05-16,1682.0
2005-05-17,1715.0
2005-05-18,1832.0
2005-05-19,1859.0
2005-05-20,1780.0
2005-05-21,1817.0
2005-05-22,1914.0
2005-05-23,1746.0
2005-05-24,1796.0
2005-05-25,1964.0
2005-05-26,1926.0
2005-05-27,1844.0
2005-05-28,1803.0
2005-05-29,1787.0
2005-05-30,1839.0
2005-05-31,1915.0
2005-06-01,1996.0
2005-06-02,1913.0
2005-06-03,1797.0
2005-06-04,1758.0
2005-06-05,1760.0
2005-06-06,1774.0
2005-06-07,1773.0
2005-06-08,1794.0
2005-06-09,1803.0
2005-06-10,1817.0
2005-06-11,1857.0
2005-06-12,1828.0
2005-06-13,1784.0
2005-06-14,1739.0
2005-06-15,1689.0
2005-06-16,1703.0
2005-06-17,1823.0
2005-06-18,1918.0
2005-06-19,1947.0
2005-06-20,1942.0
2005-06-21,1864.0
2005-06-22,1766.0
2005-06-23,1691.0
2005-06-24,1796.0
2005-06-25,1918.0
2005-06-26,1866.0
2005-06-27,1745.0
2005-06-28,1734.0
2005-06-29,1738.0
2005-06-30,1712.0
2005-07-01,1722.0
2005-07-02,1733.0
2005-07-03,1780.0
2005-07-04,1789.0
2005-07-05,1752.0
2005-07-06,1748.0
2005-07-07,1759.0
2005-07-08,1692.0
2005-07-09,1685.0
2005-07-10,1762.0
2005-07-11,1766.0
2005-07-12,1719.0
2005-07-13,1681.0
2005-07-14,1728.0
2005-07-15,1734.0
2005-07-16,1666.0
2005-07-17,1634.0
2005-07-18,1658.0
2005-07-19,1648.0
2005-07-20,1605.0
2005-07-21,1612.0
2005-07-22,1680.0
2005-07-23,1760.0
2005-07-24,1875.0
2005-07-25,1839.0
2005-07-26,1713.0
2005-07-27,1720.0
2005-07-28,1742.0
2005-07-29,1753.0
2005-07-30,1771.0
2005-07-31,1733.0
2005-08-01,1753.0
2005-08-02,1844.0
2005-08-03,1895.0
2005-08-04,1826.0
2005-08-05,1832.0
2005-08-06,1881.0
2005-08-07,1900.0
2005-08-08,1877.0
2005-08-09,1801.0
2005-08-10,1777.0
2005-08-11,1800.0
2005-08-12,1789.0
2005-08-13,1756.0
2005-08-14,1755.0
2005-08-15,1726.0
2005-08-16,1704.0
2005-08-17,1737.0
2005-08-18,1855.0
2005-08-19,1875.0
2005-08-20,1827.0
2005-08-21,1813.0
2005-08-22,1848.0
2005-08-23,1861.0
2005-08-24,1837.0
2005-08-25,2021.0
2005-08-26,2120.0
2005-08-27,2007.0
2005-08-28,1943.0
2005-08-29,1990.0
2005-08-30,1991.0
2005-08-31,1829.0
2005-09-01,1797.0
2005-09-02,1867.0
2005-09-03,1830.0
2005-09-04,1896.0
2005-09-05,2041.0
2005-09-06,2140.0
2005-09-07,2165.0
2005-09-08,2138.0
2005-09-09,2135.0
2005-09-10,2127.0
2005-09-11,2110.0
2005-09-12,2116.0
2005-09-13,2112.0
2005-09-14,1907.0
2005-09-15,1741.0
2005-09-16,1877.0
2005-09-17,1946.0
2005-09-18,1933.0
2005-09-19,1915.0
2005-09-20,1929.0
2005-09-21,1924.0
2005-09-22,1955.0
2005-09-23,1957.0
2005-09-24,1931.0
2005-09-25,1981.0
2005-09-26,2021.0
2005-09-27,1949.0
2005-09-28,2068.0
2005-09-29,2046.0
2005-09-30,2024.0
2005-10-01,2148.0
2005-10-02,2141.0
2005-10-03,2100.0
2005-10-04,2090.0
2005-10-05,2229.0
2005-10-06,2288.0
2005-10-07,2073.0
2005-10-08,1919.0
2005-10-09,1848.0
2005-10-10,1929.0
2005-10-11,1996.0
2005-10-12,2044.0
2005-10-13,2089.0
2005-10-14,2089.0
2005-10-15,2117.0
2005-10-16,2139.0
2005-10-17,2083.0
2005-10-18,1932.0
2005-10-19,1774.0
2005-10-20,1700.0
2005-10-21,1747.0
2005-10-22,1794.0
2005-10-23,1857.0
2005-10-24,1927.0
2005-10-25,1777.0
2005-10-26,1716.0
2005-10-27,1873.0
2005-10-28,1941.0
2005-10-29,1902.0
2005-10-30,1827.0
2005-10-31,1826.0
2005-11-01,1864.0
2005-11-02,1860.0
2005-11-03,1840.0
2005-11-04,1809.0
2005-11-05,1771.0
2005-11-06,1765.0
2005-11-07,1764.0
2005-11-08,1804.0
2005-11-09,1807.0
2005-11-10,1720.0
2005-11-11,1819.0
2005-11-12,1846.0
2005-11-13,1770.0
2005-11-14,1717.0
2005-11-15,1730.0
2005-11-16,1679.0
2005-11-17,1570.0
2005-11-18,1705.0
2005-11-19,1822.0
2005-11-20,1799.0
2005-11-21,1750.0
2005-11-22,1435.0
2005-11-23,1480.0
2005-11-24,1487.0
2005-11-25,1563.0
2005-11-26,1706.0
2005-11-27,1737.0
2005-11-28,1757.0
2005-11-29,1783.0
2005-11-30,1673.0
2005-12-01,1647.0
2005-12-02,1622.0
2005-12-03,1671.0
2005-12-04,1561.0
2005-12-05,1458.0
2005-12-06,1558.0
2005-12-07,1680.0
2005-12-08,1834.0
2005-12-09,1758.0
2005-12-10,1641.0
2005-12-11,1546.0
2005-12-12,1503.0
2005-12-13,1628.0
2005-12-14,1786.0
2005-12-15,1850.0
2005-12-16,1678.0
2005-12-17,1659.0
2005-12-18,1754.0
2005-12-19,1752.0
2005-12-20,1723.0
2005-12-21,1720.0
2005-12-22,1719.0
2005-12-23,1659.0
2005-12-24,1623.0
2005-12-25,1603.0
2005-12-26,1377.0
2005-12-27,1435.0
2005-12-28,1632.0
2005-12-29,1573.0
2005-12-30,1587.0
2005-12-31,1668.0
2006-01-01,1633.0
2006-01-02,1731.0
2006-01-03,1663.0
2006-01-04,1756.0
2006-01-05,1835.0
2006-01-06,1856.0
2006-01-07,1870.0
2006-01-08,1705.0
2006-01-09,1517.0
2006-01-10,1504.0
2006-01-11,1619.0
2006-01-12,1662.0
2006-01-13,1698.0
2006-01-14,1509.0
2006-01-15,1529.0
2006-01-16,1806.0
2006-01-17,1846.0
2006-01-18,1552.0
2006-01-19,1413.0
2006-01-20,1571.0
2006-01-21,1550.0
2006-01-22,1596.0
2006-01-23,1696.0
2006-01-24,1597.0
2006-01-25,1514.0
2006-01-26,1551.0
2006-01-27,1639.0
2006-01-28,1660.0
2006-01-29,1698.0
2006-01-30,1701.0
2006-01-31,1622.0
2006-02-01,1684.0
2006-02-02,1835.0
2006-02-03,1862.0
2006-02-04,1779.0
2006-02-05,1451.0
2006-02-06,1401.0
2006-02-07,1572.0
2006-02-08,1643.0
2006-02-09,1617.0
2006-02-10,1682.0
2006-02-11,1672.0
2006-02-12,1449.0
2006-02-13,1501.0
2006-02-14,1524.0
2006-02-15,1503.0
2006-02-16,1554.0
2006-02-17,1527.0
2006-02-18,1551.0
2006-02-19,1687.0
2006-02-20,1670.0
2006-02-21,1540.0
2006-02-22,1560.0
2006-02-23,1616.0
2006-02-24,1643.0
2006-02-25,1688.0
2006-02-26,1841.0
2006-02-27,1792.0
2006-02-28,1599.0
2006-03-01,1566.0
2006-03-02,1573.0
2006-03-03,1657.0
2006-03-04,1754.0
2006-03-05,1705.0
2006-03-06,1683.0
2006-03-07,1710.0
2006-03-08,1749.0
2006-03-09,1752.0
2006-03-10,1657.0
2006-03-11,1581.0
2006-03-12,1624.0
2006-03-13,1667.0
2006-03-14,1581.0
2006-03-15,1529.0
2006-03-16,1618.0
2006-03-17,1645.0
2006-03-18,1772.0
2006-03-19,1796.0
2006-03-20,1785.0
2006-03-21,1786.0
2006-03-22,1690.0
2006-03-23,1701.0
2006-03-24,1762.0
2006-03-25,1715.0
2006-03-26,1700.0
2006-03-27,1725.0
2006-03-28,1686.0
2006-03-29,1649.0
2006-03-30,1723.0
2006-03-31,1754.0
2006-04-01,1671.0
2006-04-02,1628.0
2006-04-03,1686.0
2006-04-04,1598.0
2006-04-05,1573.0
2006-04-06,1635.0
2006-04-07,1662.0
2006-04-08,1565.0
2006-04-09,1640.0
2006-04-10,1793.0
2006-04-11,1805.0
2006-04-12,1697.0
2006-04-13,1607.0
2006-04-14,1550.0
2006-04-15,1483.0
2006-04-16,1529.0
2006-04-17,1588.0
2006-04-18,1776.0
2006-04-19,1801.0
2006-04-20,1708.0
2006-04-21,1660.0
2006-04-22,1621.0
2006-04-23,1588.0
2006-04-24,1603.0
2006-04-25,1614.0
2006-04-26,1679.0
2006-04-27,1846.0
2006-04-28,1891.0
2006-04-29,1876.0
2006-04-30,1921.0
2006-05-01,1902.0
2006-05-02,1868.0
2006-05-03,1794.0
2006-05-04,1885.0
2006-05-05,1932.0
2006-05-06,1877.0
2006-05-07,1829.0
2006-05-08,1843.0
2006-05-09,1909.0
2006-05-10,1951.0
2006-05-11,1863.0
2006-05-12,1765.0
2006-05-13,1764.0
2006-05-14,1768.0
2006-05-15,1728.0
2006-05-16,1719.0
2006-05-17,1780.0
2006-05-18,1704.0
2006-05-19,1661.0
2006-05-20,1697.0
2006-05-21,1673.0
2006-05-22,1752.0
2006-05-23,1860.0
2006-05-24,1843.0
2006-05-25,1778.0
2006-05-26,1678.0
2006-05-27,1619.0
2006-05-28,1753.0
2006-05-29,1846.0
2006-05-30,1867.0
2006-05-31,1794.0
2006-06-01,1720.0
2006-06-02,1709.0
2006-06-03,1677.0
2006-06-04,1703.0
2006-06-05,1763.0
2006-06-06,1811.0
2006-06-07,1805.0
2006-06-08,1673.0
2006-06-09,1689.0
2006-06-10,1723.0
2006-06-11,1655.0
2006-06-12,1607.0
2006-06-13,1714.0
2006-06-14,1708.0
2006-06-15,1631.0
2006-06-16,1801.0
2006-06-17,1810.0
2006-06-18,1780.0
2006-06-19,1715.0
2006-06-20,1659.0
2006-06-21,1645.0
2006-06-22,1695.0
2006-06-23,1790.0
2006-06-24,1869.0
2006-06-25,1853.0
2006-06-26,1799.0
2006-06-27,1739.0
2006-06-28,1655.0
2006-06-29,1730.0
2006-06-30,1785.0
2006-07-01,1739.0
2006-07-02,1729.0
2006-07-03,1729.0
2006-07-04,1720.0
2006-07-05,1739.0
2006-07-06,1708.0
2006-07-07,1785.0
2006-07-08,1837.0
2006-07-09,1761.0
2006-07-10,1707.0
2006-07-11,1656.0
2006-07-12,1629.0
2006-07-13,1606.0
2006-07-14,1564.0
2006-07-15,1544.0
2006-07-16,1627.0
2006-07-17,1757.0
2006-07-18,1742.0
2006-07-19,1693.0
2006-07-20,1693.0
2006-07-21,1700.0
2006-07-22,1682.0
2006-07-23,1599.0
2006-07-24,1541.0
2006-07-25,1569.0
2006-07-26,1623.0
2006-07-27,1674.0
2006-07-28,1599.0
2006-07-29,1495.0
2006-07-30,1491.0
2006-07-31,1560.0
2006-08-01,1671.0
2006-08-02,1674.0
2006-08-03,1626.0
2006-08-04,1618.0
2006-08-05,1666.0
2006-08-06,1743.0
2006-08-07,1775.0
2006-08-08,1676.0
2006-08-09,1647.0
2006-08-10,1761.0
2006-08-11,1774.0
2006-08-12,1958.0
2006-08-13,2041.0
2006-08-14,1887.0
2006-08-15,1783.0
2006-08-16,1788.0
2006-08-17,1842.0
2006-08-18,1821.0
2006-08-19,1808.0
2006-08-20,1767.0
2006-08-21,1674.0
2006-08-22,1646.0
2006-08-23,1720.0
2006-08-24,1847.0
2006-08-25,1886.0
2006-08-26,1883.0
2006-08-27,1880.0
2006-08-28,1868.0
2006-08-29,1795.0
2006-08-30,1758.0
2006-08-31,1874.0
2006-09-01,1761.0
2006-09-02,1732.0
2006-09-03,1863.0
2006-09-04,1933.0
2006-09-05,1891.0
2006-09-06,1890.0
2006-09-07,2027.0
2006-09-08,2078.0
2006-09-09,2032.0
2006-09-10,2005.0
2006-09-11,2068.0
2006-09-12,2111.0
2006-09-13,2082.0
2006-09-14,2013.0
2006-09-15,1957.0
2006-09-16,1954.0
2006-09-17,1999.0
2006-09-18,2003.0
2006-09-19,1874.0
2006-09-20,1857.0
2006-09-21,1955.0
2006-09-22,1952.0
2006-09-23,1810.0
2006-09-24,1684.0
2006-09-25,1664.0
2006-09-26,1779.0
2006-09-27,1844.0
2006-09-28,1835.0
2006-09-29,1799.0
2006-09-30,1832.0
2006-10-01,1875.0
2006-10-02,1915.0
2006-10-03,1954.0
2006-10-04,1955.0
2006-10-05,1940.0
2006-10-06,1911.0
2006-10-07,1920.0
2006-10-08,1992.0
2006-10-09,2084.0
2006-10-10,2061.0
2006-10-11,1987.0
2006-10-12,1813.0
2006-10-13,1817.0
2006-10-14,1868.0
2006-10-15,1883.0
2006-10-16,1881.0
2006-10-17,1860.0
2006-10-18,1757.0
2006-10-19,1819.0
2006-10-20,1852.0
2006-10-21,1901.0
2006-10-22,1959.0
2006-10-23,1753.0
2006-10-24,1669.0
2006-10-25,1732.0
2006-10-26,1757.0
2006-10-27,1837.0
2006-10-28,1698.0
2006-10-29,1581.0
2006-10-30,1618.0
2006-10-31,1702.0
2006-11-01,1784.0
2006-11-02,1812.0
2006-11-03,1855.0
2006-11-04,1851.0
2006-11-05,1847.0
2006-11-06,1894.0
2006-11-07,1968.0
2006-11-08,1819.0
2006-11-09,1681.0
2006-11-10,1784.0
2006-11-11,1839.0
2006-11-12,1667.0
2006-11-13,1644.0
2006-11-14,1759.0
2006-11-15,1863.0
2006-11-16,1792.0
2006-11-17,1587.0
2006-11-18,1687.0
2006-11-19,1775.0
2006-11-20,1803.0
2006-11-21,1902.0
2006-11-22,1932.0
2006-11-23,1837.0
2006-11-24,1859.0
2006-11-25,1934.0
2006-11-26,1953.0
2006-11-27,1895.0
2006-11-28,1800.0
2006-11-29,1731.0
2006-11-30,1730.0
2006-12-01,1659.0
2006-12-02,1607.0
2006-12-03,1757.0
2006-12-04,1714.0
2006-12-05,1690.0
2006-12-06,1745.0
2006-12-07,1674.0
2006-12-08,1624.0
2006-12-09,1658.0
2006-12-10,1589.0
2006-12-11,1574.0
2006-12-12,1620.0
2006-12-13,1645.0
2006-12-14,1694.0
2006-12-15,1756.0
2006-12-16,1735.0
2006-12-17,1749.0
2006-12-18,1707.0
2006-12-19,1657.0
2006-12-20,1825.0
2006-12-21,1862.0
2006-12-22,1832.0
2006-12-23,1760.0
2006-12-24,1755.0
2006-12-25,1925.0
2006-12-26,1651.0
2006-12-27,1541.0
2006-12-28,1740.0
2006-12-29,1801.0
2006-12-30,1844.0
2006-12-31,1880.0
2007-01-01,1770.0
2007-01-02,1651.0
2007-01-03,1798.0
2007-01-04,1791.0
2007-01-05,1690.0
2007-01-06,1553.0
2007-01-07,1570.0
2007-01-08,1534.0
2007-01-09,1417.0
2007-01-10,1490.0
2007-01-11,1680.0
2007-01-12,1686.0
2007-01-13,1626.0
2007-01-14,1621.0
2007-01-15,1614.0
2007-01-16,1549.0
2007-01-17,1695.0
2007-01-18,1883.0
2007-01-19,1736.0
2007-01-20,1727.0
2007-01-21,1820.0
2007-01-22,1702.0
2007-01-23,1682.0
2007-01-24,1769.0
2007-01-25,1765.0
2007-01-26,1721.0
2007-01-27,1635.0
2007-01-28,1533.0
2007-01-29,1448.0
2007-01-30,1572.0
2007-01-31,1577.0
2007-02-01,1826.0
2007-02-02,1885.0
2007-02-03,1621.0
2007-02-04,1484.0
2007-02-05,1435.0
2007-02-06,1479.0
2007-02-07,1398.0
2007-02-08,1533.0
2007-02-09,1681.0
2007-02-10,1720.0
2007-02-11,1677.0
2007-02-12,1619.0
2007-02-13,1637.0
2007-02-14,1568.0
2007-02-15,1621.0
2007-02-16,1755.0
2007-02-17,1661.0
2007-02-18,1467.0
2007-02-19,1507.0
2007-02-20,1560.0
2007-02-21,1519.0
2007-02-22,1598.0
2007-02-23,1655.0
2007-02-24,1767.0
2007-02-25,1798.0
2007-02-26,1663.0
2007-02-27,1697.0
2007-02-28,1779.0
2007-03-01,1858.0
2007-03-02,1753.0
2007-03-03,1574.0
2007-03-04,1411.0
2007-03-05,1489.0
2007-03-06,1620.0
2007-03-07,1720.0
2007-03-08,1708.0
2007-03-09,1840.0
2007-03-10,1773.0
2007-03-11,1689.0
2007-03-12,1715.0
2007-03-13,1697.0
2007-03-14,1627.0
2007-03-15,1647.0
2007-03-16,1706.0
2007-03-17,1687.0
2007-03-18,1754.0
2007-03-19,1706.0
2007-03-20,1567.0
2007-03-21,1531.0
2007-03-22,1597.0
2007-03-23,1608.0
2007-03-24,1532.0
2007-03-25,1491.0
2007-03-26,1618.0
2007-03-27,1560.0
2007-03-28,1500.0
2007-03-29,1646.0
2007-03-30,1799.0
2007-03-31,1747.0
2007-04-01,1683.0
2007-04-02,1650.0
2007-04-03,1666.0
2007-04-04,1692.0
2007-04-05,1748.0
2007-04-06,1907.0
2007-04-07,1732.0
2007-04-08,1611.0
2007-04-09,1611.0
2007-04-10,1665.0
2007-04-11,1817.0
2007-04-12,1706.0
2007-04-13,1539.0
2007-04-14,1723.0
2007-04-15,1679.0
2007-04-16,1335.0
2007-04-17,1566.0
2007-04-18,1851.0
2007-04-19,2012.0
2007-04-20,1986.0
2007-04-21,1869.0
2007-04-22,1786.0
2007-04-23,1699.0
2007-04-24,1635.0
2007-04-25,1644.0
2007-04-26,1704.0
2007-04-27,1716.0
2007-04-28,1676.0
2007-04-29,1700.0
2007-04-30,1713.0
2007-05-01,1660.0
2007-05-02,1628.0
2007-05-03,1654.0
2007-05-04,1784.0
2007-05-05,1856.0
2007-05-06,1852.0
2007-05-07,1968.0
2007-05-08,2156.0
2007-05-09,2196.0
2007-05-10,2006.0
2007-05-11,1885.0
2007-05-12,1864.0
2007-05-13,1928.0
2007-05-14,2050.0
2007-05-15,1905.0
2007-05-16,1780.0
2007-05-17,1748.0
2007-05-18,1766.0
2007-05-19,1829.0
2007-05-20,1807.0
2007-05-21,1725.0
2007-05-22,1743.0
2007-05-23,1847.0
2007-05-24,1860.0
2007-05-25,1823.0
2007-05-26,1756.0
2007-05-27,1720.0
2007-05-28,1735.0
2007-05-29,1757.0
2007-05-30,1793.0
2007-05-31,1840.0
2007-06-01,1811.0
2007-06-02,1951.0
2007-06-03,1941.0
2007-06-04,1675.0
2007-06-05,1651.0
2007-06-06,1730.0
2007-06-07,1846.0
2007-06-08,1855.0
2007-06-09,1827.0
2007-06-10,1957.0
2007-06-11,2032.0
2007-06-12,1962.0
2007-06-13,1936.0
2007-06-14,2040.0
2007-06-15,2050.0
2007-06-16,1986.0
2007-06-17,1854.0
2007-06-18,1751.0
2007-06-19,1731.0
2007-06-20,1739.0
2007-06-21,1865.0
2007-06-22,1860.0
2007-06-23,1768.0
2007-06-24,1802.0
2007-06-25,1794.0
2007-06-26,1767.0
2007-06-27,1786.0
2007-06-28,1772.0
2007-06-29,1717.0
2007-06-30,1693.0
2007-07-01,1768.0
2007-07-02,1982.0
2007-07-03,2028.0
2007-07-04,1953.0
2007-07-05,1892.0
2007-07-06,1829.0
2007-07-07,1790.0
2007-07-08,1844.0
2007-07-09,1855.0
2007-07-10,1720.0
2007-07-11,1643.0
2007-07-12,1672.0
2007-07-13,1743.0
2007-07-14,1797.0
2007-07-15,1762.0
2007-07-16,1703.0
2007-07-17,1675.0
2007-07-18,1641.0
2007-07-19,1628.0
2007-07-20,1681.0
2007-07-21,1888.0
2007-07-22,1995.0
2007-07-23,1921.0
2007-07-24,1869.0
2007-07-25,1857.0
2007-07-26,1787.0
2007-07-27,1756.0
2007-07-28,1770.0
2007-07-29,1757.0
2007-07-30,1777.0
2007-07-31,1833.0
2007-08-01,1928.0
2007-08-02,1935.0
2007-08-03,1816.0
2007-08-04,1740.0
2007-08-05,1739.0
2007-08-06,1724.0
2007-08-07,1732.0
2007-08-08,1712.0
2007-08-09,1628.0
2007-08-10,1560.0
2007-08-11,1652.0
2007-08-12,1836.0
2007-08-13,1884.0
2007-08-14,1862.0
2007-08-15,1861.0
2007-08-16,1750.0
2007-08-17,1633.0
2007-08-18,1596.0
2007-08-19,1719.0
2007-08-20,1740.0
2007-08-21,1691.0
2007-08-22,1722.0
2007-08-23,1840.0
2007-08-24,1883.0
2007-08-25,1845.0
2007-08-26,1816.0
2007-08-27,1765.0
2007-08-28,1777.0
2007-08-29,1903.0
2007-08-30,1944.0
2007-08-31,1954.0
2007-09-01,1945.0
2007-09-02,2015.0
2007-09-03,2020.0
2007-09-04,1965.0
2007-09-05,1908.0
2007-09-06,1897.0
2007-09-07,1930.0
2007-09-08,1947.0
2007-09-09,1922.0
2007-09-10,1791.0
2007-09-11,1719.0
2007-09-12,1725.0
2007-09-13,1810.0
2007-09-14,1862.0
2007-09-15,1808.0
2007-09-16,1993.0
2007-09-17,2112.0
2007-09-18,2100.0
2007-09-19,2133.0
2007-09-20,2150.0
2007-09-21,2072.0
2007-09-22,1954.0
2007-09-23,1863.0
2007-09-24,1940.0
2007-09-25,2027.0
2007-09-26,1986.0
2007-09-27,1945.0
2007-09-28,1859.0
2007-09-29,1927.0
2007-09-30,2064.0
2007-10-01,2132.0
2007-10-02,2160.0
2007-10-03,2048.0
2007-10-04,1940.0
2007-10-05,1964.0
2007-10-06,1971.0
2007-10-07,1966.0
2007-10-08,1947.0
2007-10-09,1946.0
2007-10-10,1918.0
2007-10-11,1908.0
2007-10-12,1966.0
2007-10-13,1956.0
2007-10-14,1929.0
2007-10-15,1963.0
2007-10-16,1990.0
2007-10-17,1957.0
2007-10-18,1928.0
2007-10-19,1857.0
2007-10-20,1717.0
2007-10-21,1754.0
2007-10-22,1847.0
2007-10-23,1861.0
2007-10-24,1838.0
2007-10-25,1798.0
2007-10-26,1797.0
2007-10-27,1835.0
2007-10-28,1931.0
2007-10-29,2067.0
2007-10-30,2086.0
2007-10-31,2050.0
2007-11-01,2022.0
2007-11-02,2095.0
2007-11-03,2093.0
2007-11-04,2037.0
2007-11-05,2047.0
2007-11-06,1923.0
2007-11-07,1830.0
2007-11-08,1854.0
2007-11-09,1829.0
2007-11-10,1776.0
2007-11-11,1841.0
2007-11-12,1800.0
2007-11-13,1714.0
2007-11-14,1674.0
2007-11-15,1579.0
2007-11-16,1615.0
2007-11-17,1743.0
2007-11-18,1661.0
2007-11-19,1629.0
2007-11-20,1663.0
2007-11-21,1715.0
2007-11-22,1702.0
2007-11-23,1755.0
2007-11-24,1930.0
2007-11-25,1935.0
2007-11-26,1759.0
2007-11-27,1530.0
2007-11-28,1611.0
2007-11-29,1673.0
2007-11-30,1627.0
2007-12-01,1713.0
2007-12-02,1735.0
2007-12-03,1466.0
2007-12-04,1493.0
2007-12-05,1610.0
2007-12-06,1620.0
2007-12-07,1767.0
2007-12-08,1705.0
2007-12-09,1634.0
2007-12-10,1584.0
2007-12-11,1513.0
2007-12-12,1506.0
2007-12-13,1525.0
2007-12-14,1538.0
2007-12-15,1722.0
2007-12-16,1580.0
2007-12-17,1402.0
2007-12-18,1642.0
2007-12-19,1643.0
2007-12-20,1628.0
2007-12-21,1849.0
2007-12-22,1968.0
2007-12-23,1865.0
2007-12-24,1732.0
2007-12-25,1842.0
2007-12-26,1965.0
2007-12-27,1891.0
2007-12-28,1869.0
2007-12-29,1850.0
2007-12-30,1781.0
2007-12-31,1771.0
2008-01-01,1666.0
2008-01-02,1357.0
2008-01-03,1493.0
2008-01-04,1656.0
2008-01-05,1611.0
2008-01-06,1550.0
2008-01-07,1505.0
2008-01-08,1479.0
2008-01-09,1497.0
2008-01-10,1519.0
2008-01-11,1545.0
2008-01-12,1544.0
2008-01-13,1677.0
2008-01-14,1602.0
2008-01-15,1469.0
2008-01-16,1659.0
2008-01-17,1820.0
2008-01-18,1668.0
2008-01-19,1667.0
2008-01-20,1659.0
2008-01-21,1656.0
2008-01-22,1702.0
2008-01-23,1603.0
2008-01-24,1505.0
2008-01-25,1525.0
2008-01-26,1657.0
2008-01-27,1671.0
2008-01-28,1711.0
2008-01-29,1714.0
2008-01-30,1567.0
2008-01-31,1678.0
2008-02-01,1726.0
2008-02-02,1470.0
2008-02-03,1511.0
2008-02-04,1538.0
2008-02-05,1538.0
2008-02-06,1573.0
2008-02-07,1528.0
2008-02-08,1565.0
2008-02-09,1624.0
2008-02-10,1530.0
2008-02-11,1527.0
2008-02-12,1725.0
2008-02-13,1664.0
2008-02-14,1439.0
2008-02-15,1492.0
2008-02-16,1582.0
2008-02-17,1775.0
2008-02-18,1671.0
2008-02-19,1406.0
2008-02-20,1374.0
2008-02-21,1533.0
2008-02-22,1688.0
2008-02-23,1570.0
2008-02-24,1651.0
2008-02-25,1787.0
2008-02-26,1713.0
2008-02-27,1443.0
2008-02-28,1442.0
2008-02-29,1600.0
2008-03-01,1534.0
2008-03-02,1553.0
2008-03-03,1664.0
2008-03-04,1647.0
2008-03-05,1563.0
2008-03-06,1591.0
2008-03-07,1749.0
2008-03-08,1486.0
2008-03-09,1240.0
2008-03-10,1472.0
2008-03-11,1524.0
2008-03-12,1523.0
2008-03-13,1553.0
2008-03-14,1594.0
2008-03-15,1612.0
2008-03-16,1620.0
2008-03-17,1701.0
2008-03-18,1779.0
2008-03-19,1725.0
2008-03-20,1544.0
2008-03-21,1579.0
2008-03-22,1616.0
2008-03-23,1635.0
2008-03-24,1692.0
2008-03-25,1647.0
2008-03-26,1556.0
2008-03-27,1466.0
2008-03-28,1421.0
2008-03-29,1496.0
2008-03-30,1715.0
2008-03-31,1735.0
2008-04-01,1620.0
2008-04-02,1584.0
2008-04-03,1766.0
2008-04-04,1695.0
2008-04-05,1606.0
2008-04-06,1648.0
2008-04-07,1853.0
2008-04-08,1981.0
2008-04-09,1970.0
2008-04-10,1981.0
2008-04-11,1912.0
2008-04-12,1764.0
2008-04-13,1599.0
2008-04-14,1641.0
2008-04-15,1817.0
2008-04-16,1950.0
2008-04-17,1841.0
2008-04-18,1702.0
2008-04-19,1734.0
2008-04-20,1780.0
2008-04-21,1813.0
2008-04-22,1869.0
2008-04-23,1934.0
2008-04-24,1870.0
2008-04-25,1738.0
2008-04-26,1684.0
2008-04-27,1705.0
2008-04-28,1734.0
2008-04-29,1691.0
2008-04-30,1796.0
2008-05-01,1816.0
2008-05-02,1769.0
2008-05-03,1739.0
2008-05-04,1760.0
2008-05-05,1845.0
2008-05-06,1939.0
2008-05-07,1884.0
2008-05-08,1795.0
2008-05-09,1680.0
2008-05-10,1693.0
2008-05-11,1854.0
2008-05-12,1711.0
2008-05-13,1845.0
2008-05-14,1992.0
2008-05-15,1926.0
2008-05-16,1777.0
2008-05-17,1754.0
2008-05-18,1792.0
2008-05-19,1719.0
2008-05-20,1728.0
2008-05-21,1732.0
2008-05-22,1796.0
2008-05-23,1794.0
2008-05-24,1876.0
2008-05-25,1915.0
2008-05-26,1799.0
2008-05-27,1728.0
2008-05-28,1663.0
2008-05-29,1759.0
2008-05-30,1778.0
2008-05-31,1637.0
2008-06-01,1529.0
2008-06-02,1578.0
2008-06-03,1709.0
2008-06-04,1695.0
2008-06-05,1590.0
2008-06-06,1604.0
2008-06-07,1680.0
2008-06-08,1702.0
2008-06-09,1670.0
2008-06-10,1604.0
2008-06-11,1609.0
2008-06-12,1673.0
2008-06-13,1726.0
2008-06-14,1719.0
2008-06-15,1674.0
2008-06-16,1642.0
2008-06-17,1612.0
2008-06-18,1804.0
2008-06-19,1909.0
2008-06-20,1797.0
2008-06-21,1748.0
2008-06-22,1747.0
2008-06-23,1697.0
2008-06-24,1611.0
2008-06-25,1619.0
2008-06-26,1593.0
2008-06-27,1549.0
2008-06-28,1534.0
2008-06-29,1525.0
2008-06-30,1480.0
2008-07-01,1564.0
2008-07-02,1693.0
2008-07-03,1728.0
2008-07-04,1708.0
2008-07-05,1667.0
2008-07-06,1644.0
2008-07-07,1637.0
2008-07-08,1639.0
2008-07-09,1583.0
2008-07-10,1570.0
2008-07-11,1642.0
2008-07-12,1732.0
2008-07-13,1831.0
2008-07-14,1819.0
2008-07-15,1866.0
2008-07-16,1901.0
2008-07-17,1933.0
2008-07-18,1952.0
2008-07-19,1913.0
2008-07-20,1791.0
2008-07-21,1705.0
2008-07-22,1760.0
2008-07-23,1714.0
2008-07-24,1668.0
2008-07-25,1700.0
2008-07-26,1768.0
2008-07-27,1774.0
2008-07-28,1706.0
2008-07-29,1702.0
2008-07-30,1695.0
2008-07-31,1688.0
2008-08-01,1705.0
2008-08-02,1733.0
2008-08-03,1768.0
2008-08-04,1857.0
2008-08-05,1816.0
2008-08-06,1713.0
2008-08-07,1754.0
2008-08-08,1826.0
2008-08-09,1872.0
2008-08-10,1878.0
2008-08-11,1805.0
2008-08-12,1878.0
2008-08-13,1924.0
2008-08-14,1955.0
2008-08-15,1910.0
2008-08-16,1809.0
2008-08-17,1864.0
2008-08-18,1948.0
2008-08-19,1977.0
2008-08-20,1973.0
2008-08-21,2075.0
2008-08-22,2100.0
2008-08-23,1961.0
2008-08-24,1862.0
2008-08-25,1858.0
2008-08-26,1886.0
2008-08-27,1896.0
2008-08-28,1911.0
2008-08-29,1932.0
2008-08-30,1950.0
2008-08-31,1986.0
2008-09-01,2047.0
2008-09-02,2045.0
2008-09-03,1962.0
2008-09-04,1991.0
2008-09-05,2158.0
2008-09-06,1924.0
2008-09-07,1721.0
2008-09-08,1775.0
2008-09-09,1830.0
2008-09-10,1830.0
2008-09-11,1866.0
2008-09-12,1910.0
2008-09-13,1921.0
2008-09-14,1948.0
2008-09-15,1935.0
2008-09-16,1939.0
2008-09-17,2023.0
2008-09-18,2058.0
2008-09-19,2112.0
2008-09-20,2139.0
2008-09-21,2107.0
2008-09-22,2071.0
2008-09-23,2100.0
2008-09-24,2235.0
2008-09-25,2232.0
2008-09-26,2118.0
2008-09-27,2072.0
2008-09-28,1993.0
2008-09-29,1938.0
2008-09-30,1970.0
2008-10-01,1939.0
2008-10-02,1941.0
2008-10-03,1948.0
2008-10-04,1857.0
2008-10-05,1826.0
2008-10-06,1875.0
2008-10-07,1973.0
2008-10-08,2045.0
2008-10-09,1968.0
2008-10-10,1912.0
2008-10-11,2014.0
2008-10-12,2114.0
2008-10-13,2029.0
2008-10-14,1907.0
2008-10-15,1859.0
2008-10-16,1862.0
2008-10-17,1810.0
2008-10-18,1871.0
2008-10-19,2019.0
2008-10-20,2050.0
2008-10-21,2007.0
2008-10-22,2000.0
2008-10-23,2090.0
2008-10-24,2295.0
2008-10-25,2245.0
2008-10-26,2025.0
2008-10-27,1959.0
2008-10-28,1846.0
2008-10-29,1794.0
2008-10-30,1821.0
2008-10-31,1817.0
2008-11-01,1792.0
2008-11-02,1860.0
2008-11-03,1954.0
2008-11-04,2008.0
2008-11-05,2009.0
2008-11-06,1934.0
2008-11-07,1886.0
2008-11-08,1864.0
2008-11-09,1761.0
2008-11-10,1780.0
2008-11-11,1850.0
2008-11-12,1930.0
2008-11-13,1919.0
2008-11-14,1816.0
2008-11-15,1731.0
2008-11-16,1619.0
2008-11-17,1700.0
2008-11-18,1736.0
2008-11-19,1832.0
2008-11-20,1910.0
2008-11-21,1917.0
2008-11-22,1887.0
2008-11-23,1858.0
2008-11-24,1813.0
2008-11-25,1680.0
2008-11-26,1723.0
2008-11-27,1767.0
2008-11-28,1685.0
2008-11-29,1739.0
2008-11-30,1815.0
2008-12-01,1584.0
2008-12-02,1494.0
2008-12-03,1554.0
2008-12-04,1611.0
2008-12-05,1636.0
2008-12-06,1703.0
2008-12-07,1658.0
2008-12-08,1677.0
2008-12-09,1724.0
2008-12-10,1626.0
2008-12-11,1615.0
2008-12-12,1483.0
2008-12-13,1586.0
2008-12-14,1759.0
2008-12-15,1710.0
2008-12-16,1663.0
2008-12-17,1694.0
2008-12-18,1684.0
2008-12-19,1678.0
2008-12-20,1629.0
2008-12-21,1552.0
2008-12-22,1472.0
2008-12-23,1670.0
2008-12-24,1620.0
2008-12-25,1399.0
2008-12-26,1451.0
2008-12-27,1551.0
2008-12-28,1516.0
2008-12-29,1471.0
2008-12-30,1500.0
2008-12-31,1434.0
2009-01-01,1505.0
2009-01-02,1612.0
2009-01-03,1546.0
2009-01-04,1551.0
2009-01-05,1568.0
2009-01-06,1575.0
2009-01-07,1488.0
2009-01-08,1303.0
2009-01-09,1412.0
2009-01-10,1518.0
2009-01-11,1417.0
2009-01-12,1452.0
2009-01-13,1648.0
2009-01-14,1597.0
2009-01-15,1454.0
2009-01-16,1460.0
2009-01-17,1546.0
2009-01-18,1525.0
2009-01-19,1536.0
2009-01-20,1565.0
2009-01-21,1596.0
2009-01-22,1591.0
2009-01-23,1472.0
2009-01-24,1438.0
2009-01-25,1630.0
2009-01-26,1705.0
2009-01-27,1645.0
2009-01-28,1607.0
2009-01-29,1567.0
2009-01-30,1584.0
2009-01-31,1515.0
2009-02-01,1485.0
2009-02-02,1536.0
2009-02-03,1598.0
2009-02-04,1438.0
2009-02-05,1479.0
2009-02-06,1544.0
2009-02-07,1451.0
2009-02-08,1372.0
2009-02-09,1460.0
2009-02-10,1564.0
2009-02-11,1526.0
2009-02-12,1410.0
2009-02-13,1431.0
2009-02-14,1525.0
2009-02-15,1617.0
2009-02-16,1688.0
2009-02-17,1675.0
2009-02-18,1642.0
2009-02-19,1474.0
2009-02-20,1452.0
2009-02-21,1600.0
2009-02-22,1500.0
2009-02-23,1438.0
2009-02-24,1552.0
2009-02-25,1561.0
2009-02-26,1525.0
2009-02-27,1525.0
2009-02-28,1580.0
2009-03-01,1590.0
2009-03-02,1540.0
2009-03-03,1666.0
2009-03-04,1690.0
2009-03-05,1616.0
2009-03-06,1488.0
2009-03-07,1393.0
2009-03-08,1426.0
2009-03-09,1456.0
2009-03-10,1572.0
2009-03-11,1650.0
2009-03-12,1680.0
2009-03-13,1850.0
2009-03-14,1826.0
2009-03-15,1770.0
2009-03-16,1727.0
2009-03-17,1771.0
2009-03-18,1803.0
2009-03-19,1726.0
2009-03-20,1779.0
2009-03-21,1878.0
2009-03-22,1832.0
2009-03-23,1769.0
2009-03-24,1797.0
2009-03-25,1862.0
2009-03-26,1758.0
2009-03-27,1728.0
2009-03-28,1790.0
2009-03-29,1652.0
2009-03-30,1511.0
2009-03-31,1691.0
2009-04-01,1788.0
2009-04-02,1840.0
2009-04-03,1813.0
2009-04-04,1683.0
2009-04-05,1754.0
2009-04-06,1645.0
2009-04-07,1431.0
2009-04-08,1541.0
2009-04-09,1612.0
2009-04-10,1689.0
2009-04-11,1612.0
2009-04-12,1686.0
2009-04-13,1803.0
2009-04-14,1768.0
2009-04-15,1659.0
2009-04-16,1771.0
2009-04-17,1868.0
2009-04-18,1803.0
2009-04-19,1715.0
2009-04-20,1679.0
2009-04-21,1658.0
2009-04-22,1543.0
2009-04-23,1562.0
2009-04-24,1622.0
2009-04-25,1585.0
2009-04-26,1578.0
2009-04-27,1564.0
2009-04-28,1543.0
2009-04-29,1568.0
2009-04-30,1637.0
2009-05-01,1655.0
2009-05-02,1574.0
2009-05-03,1561.0
2009-05-04,1555.0
2009-05-05,1588.0
2009-05-06,1626.0
2009-05-07,1602.0
2009-05-08,1585.0
2009-05-09,1567.0
2009-05-10,1534.0
2009-05-11,1651.0
2009-05-12,1813.0
2009-05-13,1951.0
2009-05-14,1861.0
2009-05-15,1694.0
2009-05-16,1700.0
2009-05-17,1727.0
2009-05-18,1921.0
2009-05-19,2149.0
2009-05-20,2138.0
2009-05-21,2023.0
2009-05-22,1866.0
2009-05-23,1807.0
2009-05-24,1770.0
2009-05-25,1746.0
2009-05-26,1776.0
2009-05-27,1800.0
2009-05-28,1810.0
2009-05-29,1759.0
2009-05-30,1734.0
2009-05-31,1768.0
2009-06-01,1728.0
2009-06-02,1748.0
2009-06-03,1760.0
2009-06-04,1753.0
2009-06-05,1715.0
2009-06-06,1754.0
2009-06-07,1873.0
2009-06-08,1871.0
2009-06-09,1826.0
2009-06-10,1854.0
2009-06-11,1886.0
2009-06-12,1837.0
2009-06-13,1758.0
2009-06-14,1776.0
2009-06-15,1870.0
2009-06-16,1935.0
2009-06-17,2003.0
2009-06-18,1992.0
2009-06-19,1908.0
2009-06-20,1892.0
2009-06-21,1912.0
2009-06-22,2042.0
2009-06-23,2114.0
2009-06-24,2066.0
2009-06-25,1940.0
2009-06-26,1860.0
2009-06-27,1808.0
2009-06-28,1889.0
2009-06-29,1917.0
2009-06-30,1866.0
2009-07-01,1834.0
2009-07-02,1749.0
2009-07-03,1770.0
2009-07-04,1903.0
2009-07-05,1889.0
2009-07-06,1804.0
2009-07-07,1883.0
2009-07-08,2015.0
2009-07-09,2023.0
2009-07-10,2045.0
2009-07-11,1988.0
2009-07-12,1833.0
2009-07-13,1723.0
2009-07-14,1782.0
2009-07-15,1814.0
2009-07-16,1769.0
2009-07-17,1651.0
2009-07-18,1530.0
2009-07-19,1603.0
2009-07-20,1715.0
2009-07-21,1777.0
2009-07-22,1820.0
2009-07-23,1815.0
2009-07-24,1751.0
2009-07-25,1708.0
2009-07-26,1718.0
2009-07-27,1677.0
2009-07-28,1628.0
2009-07-29,1568.0
2009-07-30,1492.0
2009-07-31,1493.0
2009-08-01,1509.0
2009-08-02,1497.0
2009-08-03,1515.0
2009-08-04,1580.0
2009-08-05,1594.0
2009-08-06,1575.0
2009-08-07,1633.0
2009-08-08,1737.0
2009-08-09,1703.0
2009-08-10,1626.0
2009-08-11,1587.0
2009-08-12,1616.0
2009-08-13,1661.0
2009-08-14,1715.0
2009-08-15,1805.0
2009-08-16,1855.0
2009-08-17,1899.0
2009-08-18,1893.0
2009-08-19,1848.0
2009-08-20,1827.0
2009-08-21,1840.0
2009-08-22,1870.0
2009-08-23,1857.0
2009-08-24,1844.0
2009-08-25,1827.0
2009-08-26,1784.0
2009-08-27,1813.0
2009-08-28,1908.0
2009-08-29,1889.0
2009-08-30,1775.0
2009-08-31,1803.0
2009-09-01,1939.0
2009-09-02,2089.0
2009-09-03,2097.0
2009-09-04,2053.0
2009-09-05,2034.0
2009-09-06,2091.0
2009-09-07,2059.0
2009-09-08,1980.0
2009-09-09,2047.0
2009-09-10,2104.0
2009-09-11,2080.0
2009-09-12,2094.0
2009-09-13,2127.0
2009-09-14,2148.0
2009-09-15,2122.0
2009-09-16,2116.0
2009-09-17,2123.0
2009-09-18,2171.0
2009-09-19,2183.0
2009-09-20,2184.0
2009-09-21,2168.0
2009-09-22,2152.0
2009-09-23,2092.0
2009-09-24,2026.0
2009-09-25,1973.0
2009-09-26,2035.0
2009-09-27,2034.0
2009-09-28,1907.0
2009-09-29,1868.0
2009-09-30,1947.0
2009-10-01,1956.0
2009-10-02,1958.0
2009-10-03,1916.0
2009-10-04,1870.0
2009-10-05,1936.0
2009-10-06,1977.0
2009-10-07,1876.0
2009-10-08,1875.0
2009-10-09,1905.0
2009-10-10,1767.0
2009-10-11,1807.0
2009-10-12,1964.0
2009-10-13,1960.0
2009-10-14,1979.0
2009-10-15,2042.0
2009-10-16,2035.0
2009-10-17,2058.0
2009-10-18,2023.0
2009-10-19,2051.0
2009-10-20,2046.0
2009-10-21,1951.0
2009-10-22,1886.0
2009-10-23,1878.0
2009-10-24,1859.0
2009-10-25,1842.0
2009-10-26,1979.0
2009-10-27,1976.0
2009-10-28,1824.0
2009-10-29,1840.0
2009-10-30,2060.0
2009-10-31,2074.0
2009-11-01,1967.0
2009-11-02,2013.0
2009-11-03,2062.0
2009-11-04,2058.0
2009-11-05,2011.0
2009-11-06,1970.0
2009-11-07,1962.0
2009-11-08,1899.0
2009-11-09,1872.0
2009-11-10,1921.0
2009-11-11,1948.0
2009-11-12,1898.0
2009-11-13,1969.0
2009-11-14,2155.0
2009-11-15,2209.0
2009-11-16,2102.0
2009-11-17,2032.0
2009-11-18,2049.0
2009-11-19,2015.0
2009-11-20,2024.0
2009-11-21,2115.0
2009-11-22,2195.0
2009-11-23,2089.0
2009-11-24,1938.0
2009-11-25,2034.0
2009-11-26,2053.0
2009-11-27,1809.0
2009-11-28,1845.0
2009-11-29,1893.0
2009-11-30,1715.0
2009-12-01,1751.0
2009-12-02,1985.0
2009-12-03,1797.0
2009-12-04,1738.0
2009-12-05,1807.0
2009-12-06,1818.0
2009-12-07,1943.0
2009-12-08,2043.0
2009-12-09,1969.0
2009-12-10,1672.0
2009-12-11,1695.0
2009-12-12,1895.0
2009-12-13,1901.0
2009-12-14,1769.0
2009-12-15,1776.0
2009-12-16,1847.0
2009-12-17,1993.0
2009-12-18,2274.0
2009-12-19,2103.0
2009-12-20,1800.0
2009-12-21,1919.0
2009-12-22,1973.0
2009-12-23,1980.0
2009-12-24,2105.0
2009-12-25,2252.0
2009-12-26,1930.0
2009-12-27,1775.0
2009-12-28,1672.0
2009-12-29,1652.0
2009-12-30,1800.0
2009-12-31,1775.0
2010-01-01,1703.0
2010-01-02,1713.0
2010-01-03,1745.0
2010-01-04,1794.0
2010-01-05,1719.0
2010-01-06,1619.0
2010-01-07,1653.0
2010-01-08,1616.0
2010-01-09,1668.0
2010-01-10,1730.0
2010-01-11,1671.0
2010-01-12,1551.0
2010-01-13,1612.0
2010-01-14,1624.0
2010-01-15,1591.0
2010-01-16,1672.0
2010-01-17,1722.0
2010-01-18,1554.0
2010-01-19,1667.0
2010-01-20,1714.0
2010-01-21,1865.0
2010-01-22,1973.0
2010-01-23,2001.0
2010-01-24,2061.0
2010-01-25,1791.0
2010-01-26,1416.0
2010-01-27,1537.0
2010-01-28,1643.0
2010-01-29,1730.0
2010-01-30,1944.0
2010-01-31,1824.0
2010-02-01,1789.0
2010-02-02,1857.0
2010-02-03,1791.0
2010-02-04,1810.0
2010-02-05,1980.0
2010-02-06,1736.0
2010-02-07,1783.0
2010-02-08,1937.0
2010-02-09,1942.0
2010-02-10,1582.0
2010-02-11,1466.0
2010-02-12,1827.0
2010-02-13,1924.0
2010-02-14,1821.0
2010-02-15,1715.0
2010-02-16,1519.0
2010-02-17,1523.0
2010-02-18,1524.0
2010-02-19,1570.0
2010-02-20,1631.0
2010-02-21,1695.0
2010-02-22,1805.0
2010-02-23,1867.0
2010-02-24,1862.0
2010-02-25,1747.0
2010-02-26,1600.0
2010-02-27,1594.0
2010-02-28,1684.0
2010-03-01,1722.0
2010-03-02,1826.0
2010-03-03,1773.0
2010-03-04,1741.0
2010-03-05,1801.0
2010-03-06,1830.0
2010-03-07,1816.0
2010-03-08,1769.0
2010-03-09,1749.0
2010-03-10,1696.0
2010-03-11,1721.0
2010-03-12,1907.0
2010-03-13,1822.0
2010-03-14,1602.0
2010-03-15,1652.0
2010-03-16,1824.0
2010-03-17,1929.0
2010-03-18,1974.0
2010-03-19,1937.0
2010-03-20,1845.0
2010-03-21,1844.0
2010-03-22,1741.0
2010-03-23,1570.0
2010-03-24,1613.0
2010-03-25,1747.0
2010-03-26,1750.0
2010-03-27,1844.0
2010-03-28,1951.0
2010-03-29,1861.0
2010-03-30,1759.0
2010-03-31,1692.0
2010-04-01,1725.0
2010-04-02,1775.0
2010-04-03,1803.0
2010-04-04,1779.0
2010-04-05,1709.0
2010-04-06,1635.0
2010-04-07,1599.0
2010-04-08,1621.0
2010-04-09,1563.0
2010-04-10,1609.0
2010-04-11,1676.0
2010-04-12,1676.0
2010-04-13,1656.0
2010-04-14,1663.0
2010-04-15,1736.0
2010-04-16,1623.0
2010-04-17,1471.0
2010-04-18,1646.0
2010-04-19,1825.0
2010-04-20,1756.0
2010-04-21,1720.0
2010-04-22,1702.0
2010-04-23,1661.0
2010-04-24,1652.0
2010-04-25,1701.0
2010-04-26,1609.0
2010-04-27,1514.0
2010-04-28,1619.0
2010-04-29,1748.0
2010-04-30,1678.0
2010-05-01,1624.0
2010-05-02,1619.0
2010-05-03,1591.0
2010-05-04,1563.0
2010-05-05,1638.0
2010-05-06,1692.0
2010-05-07,1658.0
2010-05-08,1595.0
2010-05-09,1618.0
2010-05-10,1715.0
2010-05-11,1719.0
2010-05-12,1593.0
2010-05-13,1509.0
2010-05-14,1559.0
2010-05-15,1567.0
2010-05-16,1553.0
2010-05-17,1665.0
2010-05-18,1710.0
2010-05-19,1706.0
2010-05-20,1796.0
2010-05-21,1824.0
2010-05-22,1745.0
2010-05-23,1730.0
2010-05-24,1788.0
2010-05-25,1883.0
2010-05-26,1964.0
2010-05-27,1933.0
2010-05-28,1853.0
2010-05-29,1872.0
2010-05-30,1792.0
2010-05-31,1704.0
2010-06-01,1667.0
2010-06-02,1663.0
2010-06-03,1678.0
2010-06-04,1686.0
2010-06-05,1698.0
2010-06-06,1652.0
2010-06-07,1712.0
2010-06-08,1815.0
2010-06-09,1735.0
2010-06-10,1592.0
2010-06-11,1645.0
2010-06-12,1786.0
2010-06-13,1752.0
2010-06-14,1720.0
2010-06-15,1780.0
2010-06-16,1804.0
2010-06-17,1793.0
2010-06-18,1767.0
2010-06-19,1764.0
2010-06-20,1725.0
2010-06-21,1673.0
2010-06-22,1642.0
2010-06-23,1594.0
2010-06-24,1560.0
2010-06-25,1572.0
2010-06-26,1582.0
2010-06-27,1631.0
2010-06-28,1620.0
2010-06-29,1572.0
2010-06-30,1600.0
2010-07-01,1684.0
2010-07-02,1877.0
2010-07-03,1922.0
2010-07-04,1836.0
2010-07-05,1769.0
2010-07-06,1726.0
2010-07-07,1692.0
2010-07-08,1788.0
2010-07-09,1923.0
2010-07-10,1871.0
2010-07-11,1816.0
2010-07-12,1830.0
2010-07-13,1759.0
2010-07-14,1664.0
2010-07-15,1656.0
2010-07-16,1649.0
2010-07-17,1600.0
2010-07-18,1575.0
2010-07-19,1559.0
2010-07-20,1499.0
2010-07-21,1482.0
2010-07-22,1534.0
2010-07-23,1631.0
2010-07-24,1649.0
2010-07-25,1599.0
2010-07-26,1613.0
2010-07-27,1788.0
2010-07-28,1817.0
2010-07-29,1733.0
2010-07-30,1737.0
2010-07-31,1871.0
2010-08-01,1890.0
2010-08-02,1838.0
2010-08-03,1806.0
2010-08-04,1766.0
2010-08-05,1702.0
2010-08-06,1670.0
2010-08-07,1790.0
2010-08-08,1944.0
2010-08-09,1996.0
2010-08-10,1940.0
2010-08-11,1864.0
2010-08-12,1773.0
2010-08-13,1786.0
2010-08-14,1910.0
2010-08-15,1950.0
2010-08-16,1916.0
2010-08-17,1838.0
2010-08-18,1740.0
2010-08-19,1657.0
2010-08-20,1746.0
2010-08-21,1897.0
2010-08-22,1850.0
2010-08-23,1741.0
2010-08-24,1799.0
2010-08-25,1922.0
2010-08-26,1974.0
2010-08-27,1950.0
2010-08-28,1946.0
2010-08-29,1965.0
2010-08-30,1924.0
2010-08-31,1864.0
2010-09-01,1902.0
2010-09-02,2010.0
2010-09-03,1962.0
2010-09-04,1874.0
2010-09-05,1963.0
2010-09-06,1978.0
2010-09-07,1923.0
2010-09-08,1875.0
2010-09-09,1842.0
2010-09-10,1945.0
2010-09-11,2032.0
2010-09-12,1937.0
2010-09-13,1939.0
2010-09-14,1940.0
2010-09-15,1813.0
2010-09-16,1789.0
2010-09-17,1756.0
2010-09-18,1732.0
2010-09-19,1857.0
2010-09-20,1914.0
2010-09-21,1921.0
2010-09-22,1919.0
2010-09-23,1899.0
2010-09-24,1907.0
2010-09-25,1926.0
2010-09-26,1958.0
2010-09-27,1975.0
2010-09-28,1940.0
2010-09-29,2045.0
2010-09-30,2031.0
2010-10-01,1931.0
2010-10-02,2041.0
2010-10-03,2100.0
2010-10-04,2060.0
2010-10-05,2073.0
2010-10-06,2085.0
2010-10-07,2038.0
2010-10-08,2035.0
2010-10-09,2043.0
2010-10-10,1979.0
2010-10-11,1938.0
2010-10-12,1882.0
2010-10-13,1850.0
2010-10-14,1919.0
2010-10-15,1958.0
2010-10-16,1910.0
2010-10-17,1854.0
2010-10-18,1772.0
2010-10-19,1744.0
2010-10-20,1763.0
2010-10-21,1796.0
2010-10-22,1790.0
2010-10-23,1844.0
2010-10-24,1831.0
2010-10-25,1755.0
2010-10-26,1693.0
2010-10-27,1635.0
2010-10-28,1585.0
2010-10-29,1673.0
2010-10-30,1832.0
2010-10-31,1742.0
2010-11-01,1686.0
2010-11-02,1874.0
2010-11-03,1947.0
2010-11-04,1900.0
2010-11-05,1835.0
2010-11-06,1721.0
2010-11-07,1754.0
2010-11-08,1819.0
2010-11-09,1830.0
2010-11-10,1857.0
2010-11-11,1928.0
2010-11-12,2018.0
2010-11-13,2073.0
2010-11-14,2107.0
2010-11-15,2074.0
2010-11-16,1992.0
2010-11-17,1776.0
2010-11-18,1733.0
2010-11-19,1761.0
2010-11-20,1724.0
2010-11-21,1658.0
2010-11-22,1664.0
2010-11-23,1683.0
2010-11-24,1772.0
2010-11-25,1903.0
2010-11-26,1775.0
2010-11-27,1674.0
2010-11-28,1788.0
2010-11-29,1902.0
2010-11-30,1901.0
2010-12-01,1600.0
2010-12-02,1535.0
2010-12-03,1714.0
2010-12-04,1739.0
2010-12-05,1720.0
2010-12-06,1717.0
2010-12-07,1660.0
2010-12-08,1665.0
2010-12-09,1680.0
2010-12-10,1715.0
2010-12-11,1776.0
2010-12-12,1599.0
2010-12-13,1256.0
2010-12-14,1367.0
2010-12-15,1603.0
2010-12-16,1603.0
2010-12-17,1454.0
2010-12-18,1679.0
2010-12-19,1780.0
2010-12-20,1724.0
2010-12-21,1651.0
2010-12-22,1651.0
2010-12-23,1746.0
2010-12-24,1827.0
2010-12-25,1912.0
2010-12-26,1929.0
2010-12-27,1657.0
2010-12-28,1585.0
2010-12-29,1660.0
2010-12-30,1656.0
2010-12-31,1602.0
2011-01-01,1589.0
2011-01-02,1478.0
2011-01-03,1501.0
2011-01-04,1632.0
2011-01-05,1608.0
2011-01-06,1720.0
2011-01-07,1716.0
2011-01-08,1576.0
2011-01-09,1662.0
2011-01-10,1879.0
2011-01-11,1802.0
2011-01-12,1422.0
2011-01-13,1377.0
2011-01-14,1485.0
2011-01-15,1516.0
2011-01-16,1552.0
2011-01-17,1661.0
2011-01-18,1723.0
2011-01-19,1619.0
2011-01-20,1614.0
2011-01-21,1638.0
2011-01-22,1757.0
2011-01-23,1721.0
2011-01-24,1613.0
2011-01-25,1659.0
2011-01-26,1576.0
2011-01-27,1425.0
2011-01-28,1585.0
2011-01-29,1645.0
2011-01-30,1612.0
2011-01-31,1618.0
2011-02-01,1752.0
2011-02-02,1623.0
2011-02-03,1489.0
2011-02-04,1721.0
2011-02-05,1715.0
2011-02-06,1545.0
2011-02-07,1583.0
2011-02-08,1523.0
2011-02-09,1584.0
2011-02-10,1748.0
2011-02-11,1776.0
2011-02-12,1633.0
2011-02-13,1489.0
2011-02-14,1425.0
2011-02-15,1518.0
2011-02-16,1656.0
2011-02-17,1621.0
2011-02-18,1585.0
2011-02-19,1553.0
2011-02-20,1694.0
2011-02-21,1691.0
2011-02-22,1569.0
2011-02-23,1741.0
2011-02-24,1810.0
2011-02-25,1696.0
2011-02-26,1650.0
2011-02-27,1698.0
2011-02-28,1631.0
2011-03-01,1707.0
2011-03-02,1848.0
2011-03-03,1857.0
2011-03-04,1909.0
2011-03-05,1808.0
2011-03-06,1697.0
2011-03-07,1642.0
2011-03-08,1797.0
2011-03-09,1916.0
2011-03-10,1797.0
2011-03-11,1590.0
2011-03-12,1635.0
2011-03-13,1581.0
2011-03-14,1576.0
2011-03-15,1745.0
2011-03-16,1658.0
2011-03-17,1592.0
2011-03-18,1610.0
2011-03-19,1593.0
2011-03-20,1763.0
2011-03-21,1710.0
2011-03-22,1562.0
2011-03-23,1584.0
2011-03-24,1586.0
2011-03-25,1790.0
2011-03-26,1879.0
2011-03-27,1864.0
2011-03-28,1895.0
2011-03-29,1832.0
2011-03-30,1784.0
2011-03-31,1795.0
2011-04-01,1673.0
2011-04-02,1555.0
2011-04-03,1605.0
2011-04-04,1613.0
2011-04-05,1475.0
2011-04-06,1505.0
2011-04-07,1585.0
2011-04-08,1566.0
2011-04-09,1646.0
2011-04-10,1800.0
2011-04-11,1770.0
2011-04-12,1628.0
2011-04-13,1569.0
2011-04-14,1681.0
2011-04-15,1829.0
2011-04-16,1860.0
2011-04-17,1699.0
2011-04-18,1680.0
2011-04-19,1672.0
2011-04-20,1590.0
2011-04-21,1591.0
2011-04-22,1758.0
2011-04-23,1717.0
2011-04-24,1612.0
2011-04-25,1615.0
2011-04-26,1645.0
2011-04-27,1642.0
2011-04-28,1577.0
2011-04-29,1537.0
2011-04-30,1588.0
2011-05-01,1681.0
2011-05-02,1703.0
2011-05-03,1654.0
2011-05-04,1590.0
2011-05-05,1677.0
2011-05-06,1770.0
2011-05-07,1755.0
2011-05-08,1731.0
2011-05-09,1800.0
2011-05-10,1814.0
2011-05-11,1890.0
2011-05-12,1995.0
2011-05-13,1996.0
2011-05-14,1948.0
2011-05-15,1850.0
2011-05-16,1793.0
2011-05-17,1750.0
2011-05-18,1736.0
2011-05-19,1736.0
2011-05-20,1759.0
2011-05-21,1793.0
2011-05-22,1805.0
2011-05-23,1791.0
2011-05-24,1706.0
2011-05-25,1677.0
2011-05-26,1702.0
2011-05-27,1743.0
2011-05-28,1745.0
2011-05-29,1684.0
2011-05-30,1652.0
2011-05-31,1617.0
2011-06-01,1698.0
2011-06-02,1703.0
2011-06-03,1710.0
2011-06-04,1817.0
2011-06-05,1704.0
2011-06-06,1774.0
2011-06-07,1808.0
2011-06-08,1681.0
2011-06-09,1634.0
2011-06-10,1642.0
2011-06-11,1694.0
2011-06-12,1745.0
2011-06-13,1750.0
2011-06-14,1848.0
2011-06-15,1922.0
2011-06-16,1882.0
2011-06-17,1831.0
2011-06-18,1785.0
2011-06-19,1722.0
2011-06-20,1694.0
2011-06-21,1835.0
2011-06-22,1936.0
2011-06-23,1771.0
2011-06-24,1656.0
2011-06-25,1657.0
2011-06-26,1707.0
2011-06-27,1724.0
2011-06-28,1668.0
2011-06-29,1616.0
2011-06-30,1710.0
2011-07-01,1821.0
2011-07-02,1769.0
2011-07-03,1718.0
2011-07-04,1686.0
2011-07-05,1682.0
2011-07-06,1706.0
2011-07-07,1721.0
2011-07-08,1677.0
2011-07-09,1577.0
2011-07-10,1701.0
2011-07-11,1804.0
2011-07-12,1782.0
2011-07-13,1716.0
2011-07-14,1836.0
2011-07-15,2060.0
2011-07-16,2069.0
2011-07-17,1996.0
2011-07-18,1997.0
2011-07-19,1974.0
2011-07-20,1889.0
2011-07-21,1843.0
2011-07-22,1790.0
2011-07-23,1714.0
2011-07-24,1679.0
2011-07-25,1682.0
2011-07-26,1725.0
2011-07-27,1729.0
2011-07-28,1705.0
2011-07-29,1691.0
2011-07-30,1759.0
2011-07-31,1833.0
2011-08-01,1857.0
2011-08-02,1872.0
2011-08-03,1858.0
2011-08-04,1747.0
2011-08-05,1732.0
2011-08-06,1828.0
2011-08-07,1808.0
2011-08-08,1765.0
2011-08-09,1773.0
2011-08-10,1810.0
2011-08-11,1909.0
2011-08-12,1983.0
2011-08-13,1992.0
2011-08-14,1950.0
2011-08-15,1950.0
2011-08-16,1973.0
2011-08-17,1986.0
2011-08-18,1980.0
2011-08-19,1950.0
2011-08-20,1941.0
2011-08-21,1916.0
2011-08-22,1846.0
2011-08-23,1966.0
2011-08-24,2052.0
2011-08-25,1980.0
2011-08-26,2139.0
2011-08-27,2014.0
2011-08-28,1781.0
2011-08-29,1793.0
2011-08-30,1825.0
2011-08-31,1865.0
2011-09-01,1877.0
2011-09-02,1905.0
2011-09-03,1931.0
2011-09-04,1959.0
2011-09-05,1936.0
2011-09-06,1899.0
2011-09-07,1821.0
2011-09-08,1830.0
2011-09-09,1792.0
2011-09-10,1787.0
2011-09-11,1831.0
2011-09-12,1854.0
2011-09-13,1901.0
2011-09-14,1937.0
2011-09-15,1937.0
2011-09-16,1972.0
2011-09-17,2015.0
2011-09-18,1992.0
2011-09-19,2046.0
2011-09-20,2056.0
2011-09-21,1965.0
2011-09-22,1908.0
2011-09-23,1883.0
2011-09-24,1838.0
2011-09-25,1904.0
2011-09-26,1932.0
2011-09-27,1876.0
2011-09-28,1858.0
2011-09-29,1832.0
2011-09-30,1840.0
2011-10-01,1871.0
2011-10-02,1873.0
2011-10-03,1812.0
2011-10-04,1783.0
2011-10-05,1822.0
2011-10-06,1874.0
2011-10-07,1991.0
2011-10-08,1994.0
2011-10-09,2063.0
2011-10-10,2255.0
2011-10-11,2202.0
2011-10-12,2050.0
2011-10-13,1998.0
2011-10-14,1909.0
2011-10-15,1822.0
2011-10-16,1848.0
2011-10-17,1855.0
2011-10-18,1900.0
2011-10-19,1868.0
2011-10-20,1560.0
2011-10-21,1583.0
2011-10-22,1719.0
2011-10-23,1847.0
2011-10-24,1890.0
2011-10-25,1841.0
2011-10-26,1839.0
2011-10-27,1787.0
2011-10-28,1801.0
2011-10-29,1882.0
2011-10-30,1904.0
2011-10-31,1983.0
2011-11-01,1984.0
2011-11-02,2000.0
2011-11-03,2002.0
2011-11-04,1863.0
2011-11-05,2018.0
2011-11-06,2162.0
2011-11-07,2089.0
2011-11-08,2030.0
2011-11-09,1959.0
2011-11-10,1877.0
2011-11-11,1796.0
2011-11-12,1807.0
2011-11-13,1763.0
2011-11-14,1683.0
2011-11-15,1649.0
2011-11-16,1654.0
2011-11-17,1602.0
2011-11-18,1767.0
2011-11-19,1907.0
2011-11-20,1783.0
2011-11-21,1702.0
2011-11-22,1718.0
2011-11-23,1624.0
2011-11-24,1675.0
2011-11-25,1803.0
2011-11-26,1772.0
2011-11-27,1770.0
2011-11-28,1806.0
2011-11-29,1682.0
2011-11-30,1617.0
2011-12-01,1721.0
2011-12-02,1732.0
2011-12-03,1744.0
2011-12-04,1870.0
2011-12-05,1855.0
2011-12-06,1796.0
2011-12-07,1673.0
2011-12-08,1572.0
2011-12-09,1787.0
2011-12-10,1806.0
2011-12-11,1884.0
2011-12-12,1937.0
2011-12-13,1861.0
2011-12-14,1800.0
2011-12-15,1758.0
2011-12-16,1651.0
2011-12-17,1623.0
2011-12-18,1713.0
2011-12-19,1744.0
2011-12-20,1759.0
2011-12-21,1712.0
2011-12-22,1655.0
2011-12-23,1574.0
2011-12-24,1619.0
2011-12-25,1707.0
2011-12-26,1792.0
2011-12-27,1827.0
2011-12-28,1536.0
2011-12-29,1625.0
2011-12-30,1618.0
2011-12-31,1509.0
2012-01-01,1474.0
2012-01-02,1424.0
2012-01-03,1430.0
2012-01-04,1568.0
2012-01-05,1562.0
2012-01-06,1620.0
2012-01-07,1562.0
2012-01-08,1525.0
2012-01-09,1592.0
2012-01-10,1703.0
2012-01-11,1817.0
2012-01-12,1654.0
2012-01-13,1409.0
2012-01-14,1350.0
2012-01-15,1413.0
2012-01-16,1568.0
2012-01-17,1584.0
2012-01-18,1542.0
2012-01-19,1681.0
2012-01-20,1709.0
2012-01-21,1608.0
2012-01-22,1651.0
2012-01-23,1817.0
2012-01-24,1738.0
2012-01-25,1671.0
2012-01-26,1750.0
2012-01-27,1648.0
2012-01-28,1524.0
2012-01-29,1586.0
2012-01-30,1568.0
2012-01-31,1511.0
2012-02-01,1506.0
2012-02-02,1462.0
2012-02-03,1581.0
2012-02-04,1688.0
2012-02-05,1674.0
2012-02-06,1815.0
2012-02-07,1875.0
2012-02-08,1852.0
2012-02-09,1845.0
2012-02-10,1877.0
2012-02-11,1719.0
2012-02-12,1557.0
2012-02-13,1727.0
2012-02-14,1803.0
2012-02-15,1755.0
2012-02-16,1744.0
2012-02-17,1744.0
2012-02-18,1828.0
2012-02-19,1877.0
2012-02-20,1777.0
2012-02-21,1816.0
2012-02-22,1732.0
2012-02-23,1646.0
2012-02-24,1583.0
2012-02-25,1442.0
2012-02-26,1564.0
2012-02-27,1647.0
2012-02-28,1592.0
2012-02-29,1646.0
2012-03-01,1541.0
2012-03-02,1541.0
2012-03-03,1683.0
2012-03-04,1722.0
2012-03-05,1595.0
2012-03-06,1668.0
2012-03-07,1729.0
2012-03-08,1684.0
2012-03-09,1635.0
2012-03-10,1771.0
2012-03-11,1843.0
2012-03-12,1732.0
2012-03-13,1679.0
2012-03-14,1621.0
2012-03-15,1621.0
2012-03-16,1617.0
2012-03-17,1615.0
2012-03-18,1666.0
2012-03-19,1713.0
2012-03-20,1717.0
2012-03-21,1672.0
2012-03-22,1642.0
2012-03-23,1685.0
2012-03-24,1702.0
2012-03-25,1659.0
2012-03-26,1707.0
2012-03-27,1869.0
2012-03-28,1788.0
2012-03-29,1591.0
2012-03-30,1647.0
2012-03-31,1686.0
2012-04-01,1778.0
2012-04-02,1904.0
2012-04-03,1937.0
2012-04-04,1888.0
2012-04-05,1869.0
2012-04-06,2010.0
2012-04-07,1993.0
2012-04-08,1774.0
2012-04-09,1740.0
2012-04-10,1811.0
2012-04-11,1792.0
2012-04-12,1853.0
2012-04-13,1817.0
2012-04-14,1756.0
2012-04-15,1672.0
2012-04-16,1633.0
2012-04-17,1645.0
2012-04-18,1722.0
2012-04-19,1846.0
2012-04-20,1951.0
2012-04-21,1981.0
2012-04-22,1964.0
2012-04-23,1825.0
2012-04-24,1740.0
2012-04-25,1734.0
2012-04-26,1683.0
2012-04-27,1604.0
2012-04-28,1711.0
2012-04-29,1777.0
2012-04-30,1750.0
2012-05-01,1689.0
2012-05-02,1648.0
2012-05-03,1653.0
2012-05-04,1711.0
2012-05-05,1753.0
2012-05-06,1854.0
2012-05-07,2043.0
2012-05-08,2005.0
2012-05-09,1873.0
2012-05-10,1833.0
2012-05-11,1861.0
2012-05-12,1824.0
2012-05-13,1783.0
2012-05-14,1783.0
2012-05-15,1769.0
2012-05-16,1752.0
2012-05-17,1773.0
2012-05-18,1876.0
2012-05-19,2000.0
2012-05-20,2079.0
2012-05-21,2006.0
2012-05-22,1913.0
2012-05-23,1842.0
2012-05-24,1825.0
2012-05-25,1827.0
2012-05-26,1960.0
2012-05-27,2131.0
2012-05-28,1999.0
2012-05-29,1883.0
2012-05-30,1806.0
2012-05-31,1798.0
2012-06-01,1862.0
2012-06-02,1833.0
2012-06-03,1869.0
2012-06-04,1861.0
2012-06-05,1943.0
2012-06-06,2135.0
2012-06-07,2122.0
2012-06-08,2003.0
2012-06-09,1910.0
2012-06-10,1860.0
2012-06-11,1828.0
2012-06-12,1821.0
2012-06-13,1849.0
2012-06-14,1985.0
2012-06-15,2140.0
2012-06-16,2176.0
2012-06-17,2113.0
2012-06-18,2081.0
2012-06-19,2012.0
2012-06-20,1950.0
2012-06-21,1899.0
2012-06-22,1844.0
2012-06-23,1850.0
2012-06-24,1888.0
2012-06-25,1879.0
2012-06-26,1941.0
2012-06-27,2164.0
2012-06-28,2014.0
2012-06-29,1800.0
2012-06-30,1771.0
2012-07-01,1779.0
2012-07-02,1740.0
2012-07-03,1777.0
2012-07-04,1775.0
2012-07-05,1733.0
2012-07-06,1739.0
2012-07-07,1752.0
2012-07-08,1754.0
2012-07-09,1741.0
2012-07-10,1720.0
2012-07-11,1751.0
2012-07-12,1839.0
2012-07-13,1894.0
2012-07-14,1878.0
2012-07-15,1865.0
2012-07-16,1832.0
2012-07-17,1766.0
2012-07-18,1692.0
2012-07-19,1565.0
2012-07-20,1490.0
2012-07-21,1552.0
2012-07-22,1748.0
2012-07-23,1845.0
2012-07-24,1732.0
2012-07-25,1752.0
2012-07-26,1852.0
2012-07-27,1723.0
2012-07-28,1669.0
2012-07-29,1714.0
2012-07-30,1800.0
2012-07-31,1843.0
2012-08-01,1878.0
2012-08-02,1874.0
2012-08-03,1870.0
2012-08-04,1863.0
2012-08-05,1804.0
2012-08-06,1735.0
2012-08-07,1759.0
2012-08-08,1819.0
2012-08-09,1831.0
2012-08-10,1677.0
2012-08-11,1608.0
2012-08-12,1669.0
2012-08-13,1719.0
2012-08-14,1724.0
2012-08-15,1678.0
2012-08-16,1703.0
2012-08-17,1824.0
2012-08-18,1855.0
2012-08-19,1881.0
2012-08-20,1886.0
2012-08-21,1911.0
2012-08-22,1916.0
2012-08-23,1899.0
2012-08-24,1959.0
2012-08-25,1958.0
2012-08-26,1946.0
2012-08-27,1976.0
2012-08-28,1928.0
2012-08-29,1868.0
2012-08-30,1938.0
2012-08-31,1986.0
2012-09-01,1930.0
2012-09-02,1866.0
2012-09-03,1843.0
2012-09-04,1874.0
2012-09-05,1871.0
2012-09-06,1834.0
2012-09-07,1841.0
2012-09-08,1796.0
2012-09-09,1752.0
2012-09-10,1881.0
2012-09-11,1930.0
2012-09-12,1950.0
2012-09-13,1987.0
2012-09-14,1994.0
2012-09-15,1975.0
2012-09-16,1953.0
2012-09-17,1969.0
2012-09-18,1915.0
2012-09-19,1761.0
2012-09-20,1809.0
2012-09-21,1903.0
2012-09-22,1881.0
2012-09-23,1811.0
2012-09-24,1848.0
2012-09-25,1871.0
2012-09-26,1816.0
2012-09-27,1767.0
2012-09-28,1741.0
2012-09-29,1737.0
2012-09-30,1787.0
2012-10-01,1883.0
2012-10-02,1870.0
2012-10-03,1757.0
2012-10-04,1723.0
2012-10-05,1786.0
2012-10-06,1827.0
2012-10-07,1818.0
2012-10-08,1900.0
2012-10-09,1922.0
2012-10-10,1872.0
2012-10-11,1883.0
2012-10-12,1935.0
2012-10-13,1994.0
2012-10-14,1964.0
2012-10-15,1853.0
2012-10-16,1860.0
2012-10-17,1907.0
2012-10-18,1902.0
2012-10-19,1856.0
2012-10-20,1820.0
2012-10-21,1827.0
2012-10-22,1852.0
2012-10-23,1842.0
2012-10-24,1805.0
2012-10-25,1851.0
2012-10-26,2004.0
2012-10-27,2187.0
2012-10-28,2247.0
2012-10-29,2124.0
2012-10-30,1981.0
2012-10-31,1886.0
2012-11-01,1849.0
2012-11-02,1821.0
2012-11-03,1858.0
2012-11-04,1884.0
2012-11-05,1968.0
2012-11-06,2127.0
2012-11-07,2086.0
2012-11-08,2029.0
2012-11-09,2047.0
2012-11-10,2030.0
2012-11-11,1920.0
2012-11-12,1839.0
2012-11-13,1816.0
2012-11-14,1989.0
2012-11-15,2082.0
2012-11-16,2037.0
2012-11-17,2088.0
2012-11-18,2120.0
2012-11-19,2114.0
2012-11-20,2105.0
2012-11-21,2077.0
2012-11-22,2085.0
2012-11-23,2052.0
2012-11-24,1943.0
2012-11-25,1934.0
2012-11-26,1847.0
2012-11-27,1766.0
2012-11-28,1764.0
2012-11-29,1815.0
2012-11-30,1816.0
2012-12-01,1822.0
2012-12-02,1783.0
2012-12-03,1764.0
2012-12-04,1769.0
2012-12-05,1741.0
2012-12-06,1892.0
2012-12-07,1994.0
2012-12-08,1845.0
2012-12-09,1826.0
2012-12-10,1800.0
2012-12-11,1763.0
2012-12-12,1828.0
2012-12-13,1972.0
2012-12-14,1992.0
2012-12-15,1959.0
2012-12-16,1881.0
2012-12-17,1843.0
2012-12-18,1780.0
2012-12-19,1733.0
2012-12-20,1797.0
2012-12-21,1500.0
2012-12-22,1442.0
2012-12-23,1706.0
2012-12-24,1746.0
2012-12-25,1795.0
2012-12-26,1779.0
2012-12-27,1536.0
2012-12-28,1721.0
2012-12-29,1728.0
2012-12-30,1524.0
2012-12-31,1642.0
2013-01-01,1636.0
2013-01-02,1639.0
2013-01-03,1821.0
2013-01-04,1802.0
2013-01-05,1698.0
2013-01-06,1660.0
2013-01-07,1731.0
2013-01-08,1852.0
2013-01-09,1776.0
2013-01-10,1741.0
2013-01-11,1747.0
2013-01-12,1678.0
2013-01-13,1714.0
2013-01-14,1747.0
2013-01-15,1721.0
2013-01-16,1752.0
2013-01-17,1692.0
2013-01-18,1689.0
2013-01-19,1880.0
2013-01-20,1783.0
2013-01-21,1648.0
2013-01-22,1568.0
2013-01-23,1599.0
2013-01-24,1596.0
2013-01-25,1773.0
2013-01-26,1775.0
2013-01-27,1805.0
2013-01-28,1808.0
2013-01-29,1754.0
2013-01-30,1789.0
2013-01-31,1562.0
2013-02-01,1446.0
2013-02-02,1664.0
2013-02-03,1647.0
2013-02-04,1655.0
2013-02-05,1698.0
2013-02-06,1645.0
2013-02-07,1784.0
2013-02-08,1770.0
2013-02-09,1692.0
2013-02-10,1851.0
2013-02-11,1823.0
2013-02-12,1705.0
2013-02-13,1695.0
2013-02-14,1582.0
2013-02-15,1685.0
2013-02-16,1683.0
2013-02-17,1510.0
2013-02-18,1578.0
2013-02-19,1614.0
2013-02-20,1511.0
2013-02-21,1563.0
2013-02-22,1697.0
2013-02-23,1676.0
2013-02-24,1598.0
2013-02-25,1791.0
2013-02-26,2008.0
2013-02-27,1741.0
2013-02-28,1603.0
2013-03-01,1690.0
2013-03-02,1732.0
2013-03-03,1719.0
2013-03-04,1696.0
2013-03-05,1677.0
2013-03-06,1457.0
2013-03-07,1555.0
2013-03-08,1834.0
2013-03-09,1969.0
2013-03-10,2030.0
2013-03-11,2051.0
2013-03-12,1966.0
2013-03-13,1827.0
2013-03-14,1788.0
2013-03-15,1757.0
2013-03-16,1638.0
2013-03-17,1574.0
2013-03-18,1748.0
2013-03-19,1818.0
2013-03-20,1852.0
2013-03-21,1807.0
2013-03-22,1754.0
2013-03-23,1787.0
2013-03-24,1914.0
2013-03-25,1661.0
2013-03-26,1431.0
2013-03-27,1585.0
2013-03-28,1697.0
2013-03-29,1725.0
2013-03-30,1705.0
2013-03-31,1657.0
2013-04-01,1606.0
2013-04-02,1706.0
2013-04-03,1813.0
2013-04-04,1924.0
2013-04-05,1780.0
2013-04-06,1736.0
2013-04-07,1769.0
2013-04-08,1693.0
2013-04-09,1667.0
2013-04-10,1682.0
2013-04-11,1755.0
2013-04-12,1761.0
2013-04-13,1728.0
2013-04-14,1830.0
2013-04-15,1937.0
2013-04-16,1893.0
2013-04-17,1792.0
2013-04-18,1791.0
2013-04-19,1709.0
2013-04-20,1573.0
2013-04-21,1834.0
2013-04-22,2006.0
2013-04-23,1924.0
2013-04-24,1861.0
2013-04-25,1806.0
2013-04-26,1854.0
2013-04-27,1824.0
2013-04-28,1824.0
2013-04-29,1799.0
2013-04-30,1785.0
2013-05-01,1899.0
2013-05-02,2029.0
2013-05-03,2151.0
2013-05-04,2268.0
2013-05-05,2264.0
2013-05-06,2046.0
2013-05-07,1876.0
2013-05-08,1805.0
2013-05-09,1727.0
2013-05-10,1756.0
2013-05-11,1761.0
2013-05-12,1709.0
2013-05-13,1780.0
2013-05-14,1836.0
2013-05-15,1670.0
2013-05-16,1533.0
2013-05-17,1592.0
2013-05-18,1705.0
2013-05-19,1754.0
2013-05-20,1730.0
2013-05-21,1734.0
2013-05-22,1784.0
2013-05-23,1804.0
2013-05-24,1749.0
2013-05-25,1828.0
2013-05-26,1836.0
2013-05-27,1801.0
2013-05-28,1791.0
2013-05-29,1790.0
2013-05-30,1800.0
2013-05-31,1779.0
2013-06-01,1759.0
2013-06-02,1749.0
2013-06-03,1694.0
2013-06-04,1667.0
2013-06-05,1794.0
2013-06-06,1898.0
2013-06-07,1752.0
2013-06-08,1554.0
2013-06-09,1607.0
2013-06-10,1641.0
2013-06-11,1564.0
2013-06-12,1608.0
2013-06-13,1666.0
2013-06-14,1692.0
2013-06-15,1840.0
2013-06-16,1808.0
2013-06-17,1757.0
2013-06-18,1713.0
2013-06-19,1666.0
2013-06-20,1879.0
2013-06-21,1992.0
2013-06-22,1884.0
2013-06-23,1821.0
2013-06-24,1803.0
2013-06-25,1765.0
2013-06-26,1738.0
2013-06-27,1726.0
2013-06-28,1656.0
2013-06-29,1603.0
2013-06-30,1649.0
2013-07-01,1673.0
2013-07-02,1626.0
2013-07-03,1664.0
2013-07-04,1723.0
2013-07-05,1748.0
2013-07-06,1753.0
2013-07-07,1728.0
2013-07-08,1684.0
2013-07-09,1681.0
2013-07-10,1718.0
2013-07-11,1699.0
2013-07-12,1704.0
2013-07-13,1806.0
2013-07-14,1842.0
2013-07-15,1874.0
2013-07-16,1858.0
2013-07-17,1817.0
2013-07-18,1860.0
2013-07-19,1815.0
2013-07-20,1706.0
2013-07-21,1699.0
2013-07-22,1690.0
2013-07-23,1648.0
2013-07-24,1784.0
2013-07-25,1876.0
2013-07-26,1907.0
2013-07-27,1944.0
2013-07-28,1887.0
2013-07-29,1753.0
2013-07-30,1698.0
2013-07-31,1765.0
2013-08-01,1763.0
2013-08-02,1715.0
2013-08-03,1793.0
2013-08-04,1879.0
2013-08-05,2013.0
2013-08-06,1996.0
2013-08-07,1925.0
2013-08-08,1867.0
2013-08-09,1803.0
2013-08-10,1760.0
2013-08-11,1706.0
2013-08-12,1736.0
2013-08-13,1737.0
2013-08-14,1735.0
2013-08-15,1947.0
2013-08-16,2027.0
2013-08-17,1953.0
2013-08-18,1922.0
2013-08-19,1958.0
2013-08-20,1948.0
2013-08-21,1895.0
2013-08-22,1844.0
2013-08-23,1800.0
2013-08-24,1868.0
2013-08-25,2090.0
2013-08-26,2091.0
2013-08-27,1941.0
2013-08-28,1765.0
2013-08-29,1675.0
2013-08-30,1864.0
2013-08-31,1968.0
2013-09-01,1849.0
2013-09-02,1705.0
2013-09-03,1663.0
2013-09-04,1721.0
2013-09-05,1815.0
2013-09-06,1857.0
2013-09-07,1946.0
2013-09-08,1941.0
2013-09-09,1860.0
2013-09-10,1880.0
2013-09-11,1895.0
2013-09-12,1854.0
2013-09-13,1830.0
2013-09-14,1933.0
2013-09-15,1997.0
2013-09-16,1880.0
2013-09-17,1931.0
2013-09-18,2056.0
2013-09-19,2045.0
2013-09-20,2031.0
2013-09-21,2011.0
2013-09-22,1968.0
2013-09-23,2057.0
2013-09-24,2090.0
2013-09-25,2048.0
2013-09-26,2019.0
2013-09-27,2033.0
2013-09-28,2077.0
2013-09-29,2071.0
2013-09-30,1990.0
2013-10-01,1936.0
2013-10-02,1893.0
2013-10-03,1872.0
2013-10-04,1886.0
2013-10-05,1886.0
2013-10-06,1943.0
2013-10-07,1976.0
2013-10-08,2017.0
2013-10-09,2141.0
2013-10-10,2127.0
2013-10-11,2095.0
2013-10-12,2087.0
2013-10-13,2057.0
2013-10-14,2151.0
2013-10-15,2253.0
2013-10-16,2197.0
2013-10-17,2092.0
2013-10-18,1986.0
2013-10-19,1940.0
2013-10-20,1960.0
2013-10-21,2035.0
2013-10-22,2021.0
2013-10-23,1904.0
2013-10-24,1854.0
2013-10-25,1894.0
2013-10-26,1906.0
2013-10-27,1833.0
2013-10-28,1783.0
2013-10-29,1805.0
2013-10-30,1843.0
2013-10-31,1866.0
2013-11-01,1811.0
2013-11-02,1708.0
2013-11-03,1760.0
2013-11-04,1894.0
2013-11-05,1962.0
2013-11-06,1997.0
2013-11-07,1933.0
2013-11-08,1859.0
2013-11-09,1893.0
2013-11-10,1866.0
2013-11-11,1883.0
2013-11-12,1885.0
2013-11-13,1866.0
2013-11-14,1833.0
2013-11-15,1795.0
2013-11-16,1739.0
2013-11-17,1724.0
2013-11-18,1702.0
2013-11-19,1831.0
2013-11-20,2047.0
2013-11-21,2025.0
2013-11-22,1904.0
2013-11-23,1835.0
2013-11-24,1908.0
2013-11-25,2020.0
2013-11-26,2084.0
2013-11-27,1753.0
2013-11-28,1633.0
2013-11-29,1833.0
2013-11-30,1918.0
2013-12-01,1876.0
2013-12-02,1873.0
2013-12-03,1897.0
2013-12-04,1869.0
2013-12-05,1855.0
2013-12-06,1791.0
2013-12-07,1684.0
2013-12-08,1889.0
2013-12-09,2003.0
2013-12-10,1839.0
2013-12-11,1840.0
2013-12-12,1896.0
2013-12-13,1848.0
2013-12-14,1840.0
2013-12-15,1639.0
2013-12-16,1581.0
2013-12-17,1592.0
2013-12-18,1533.0
2013-12-19,1663.0
2013-12-20,1696.0
2013-12-21,1668.0
2013-12-22,1619.0
2013-12-23,1554.0
2013-12-24,1541.0
2013-12-25,1731.0
2013-12-26,1846.0
2013-12-27,1834.0
2013-12-28,1869.0
2013-12-29,1806.0
2013-12-30,1640.0
2013-12-31,1634.0
2014-01-01,1710.0
2014-01-02,1743.0
2014-01-03,1550.0
2014-01-04,1764.0
2014-01-05,1983.0
2014-01-06,1800.0
2014-01-07,1562.0
2014-01-08,1754.0
2014-01-09,1836.0
2014-01-10,1841.0
2014-01-11,1729.0
2014-01-12,1563.0
2014-01-13,1678.0
2014-01-14,1763.0
2014-01-15,1735.0
2014-01-16,1776.0
2014-01-17,1735.0
2014-01-18,1565.0
2014-01-19,1597.0
2014-01-20,1648.0
2014-01-21,1611.0
2014-01-22,1637.0
2014-01-23,1749.0
2014-01-24,1769.0
2014-01-25,1691.0
2014-01-26,1526.0
2014-01-27,1592.0
2014-01-28,1734.0
2014-01-29,1803.0
2014-01-30,1776.0
2014-01-31,1794.0
2014-02-01,1769.0
2014-02-02,1723.0
2014-02-03,1670.0
2014-02-04,1791.0
2014-02-05,1831.0
2014-02-06,1731.0
2014-02-07,1891.0
2014-02-08,1943.0
2014-02-09,1903.0
2014-02-10,1799.0
2014-02-11,1919.0
2014-02-12,2132.0
2014-02-13,1974.0
2014-02-14,1700.0
2014-02-15,1654.0
2014-02-16,1653.0
2014-02-17,1773.0
2014-02-18,1802.0
2014-02-19,1668.0
2014-02-20,1621.0
2014-02-21,1643.0
2014-02-22,1652.0
2014-02-23,1735.0
2014-02-24,1735.0
2014-02-25,1776.0
2014-02-26,1895.0
2014-02-27,1998.0
2014-02-28,1960.0
2014-03-01,2004.0
2014-03-02,1868.0
2014-03-03,1760.0
2014-03-04,1892.0
2014-03-05,1995.0
2014-03-06,2103.0
2014-03-07,2143.0
2014-03-08,1900.0
2014-03-09,1742.0
2014-03-10,1739.0
2014-03-11,1755.0
2014-03-12,1716.0
2014-03-13,1611.0
2014-03-14,1724.0
2014-03-15,1665.0
2014-03-16,1691.0
2014-03-17,1880.0
2014-03-18,1967.0
2014-03-19,1909.0
2014-03-20,1834.0
2014-03-21,1824.0
2014-03-22,1780.0
2014-03-23,1715.0
2014-03-24,1873.0
2014-03-25,1940.0
2014-03-26,1755.0
2014-03-27,1776.0
2014-03-28,1803.0
2014-03-29,1797.0
2014-03-30,1610.0
2014-03-31,1635.0
2014-04-01,1755.0
2014-04-02,1726.0
2014-04-03,1689.0
2014-04-04,1715.0
2014-04-05,1712.0
2014-04-06,1874.0
2014-04-07,1990.0
2014-04-08,1823.0
2014-04-09,1724.0
2014-04-10,1718.0
2014-04-11,1682.0
2014-04-12,1680.0
2014-04-13,1696.0
2014-04-14,1742.0
2014-04-15,1730.0
2014-04-16,1793.0
2014-04-17,1988.0
2014-04-18,2071.0
2014-04-19,2126.0
2014-04-20,2069.0
2014-04-21,2058.0
2014-04-22,2024.0
2014-04-23,1917.0
2014-04-24,1962.0
2014-04-25,1925.0
2014-04-26,1841.0
2014-04-27,1899.0
2014-04-28,1945.0
2014-04-29,1935.0
2014-04-30,1872.0
2014-05-01,1813.0
2014-05-02,1837.0
2014-05-03,1896.0
2014-05-04,1850.0
2014-05-05,1830.0
2014-05-06,1877.0
2014-05-07,1873.0
2014-05-08,1834.0
2014-05-09,1791.0
2014-05-10,1812.0
2014-05-11,1840.0
2014-05-12,1854.0
2014-05-13,1843.0
2014-05-14,1863.0
2014-05-15,1901.0
2014-05-16,1755.0
2014-05-17,1704.0
2014-05-18,1746.0
2014-05-19,1810.0
2014-05-20,1825.0
2014-05-21,1682.0
2014-05-22,1613.0
2014-05-23,1760.0
2014-05-24,1894.0
2014-05-25,1941.0
2014-05-26,1879.0
2014-05-27,1772.0
2014-05-28,1678.0
2014-05-29,1737.0
2014-05-30,1921.0
2014-05-31,2003.0
2014-06-01,2060.0
2014-06-02,1999.0
2014-06-03,1877.0
2014-06-04,1760.0
2014-06-05,1708.0
2014-06-06,1713.0
2014-06-07,1874.0
2014-06-08,1911.0
2014-06-09,1795.0
2014-06-10,1722.0
2014-06-11,1718.0
2014-06-12,1762.0
2014-06-13,1766.0
2014-06-14,1793.0
2014-06-15,1857.0
2014-06-16,1888.0
2014-06-17,1828.0
2014-06-18,1784.0
2014-06-19,1755.0
2014-06-20,1704.0
2014-06-21,1751.0
2014-06-22,1854.0
2014-06-23,1989.0
2014-06-24,1978.0
2014-06-25,1836.0
2014-06-26,1803.0
2014-06-27,1869.0
2014-06-28,1963.0
2014-06-29,2069.0
2014-06-30,2017.0
2014-07-01,1909.0
2014-07-02,1882.0
2014-07-03,1916.0
2014-07-04,1736.0
2014-07-05,1859.0
2014-07-06,2028.0
2014-07-07,1893.0
2014-07-08,1758.0
2014-07-09,1705.0
2014-07-10,1741.0
2014-07-11,1768.0
2014-07-12,1824.0
2014-07-13,1873.0
2014-07-14,1843.0
2014-07-15,1770.0
2014-07-16,1758.0
2014-07-17,1848.0
2014-07-18,1960.0
2014-07-19,1954.0
2014-07-20,1864.0
2014-07-21,1868.0
2014-07-22,1904.0
2014-07-23,1852.0
2014-07-24,1762.0
2014-07-25,1766.0
2014-07-26,1869.0
2014-07-27,1829.0
2014-07-28,1726.0
2014-07-29,1824.0
2014-07-30,1955.0
2014-07-31,1995.0
2014-08-01,1906.0
2014-08-02,1808.0
2014-08-03,1824.0
2014-08-04,1863.0
2014-08-05,1905.0
2014-08-06,1884.0
2014-08-07,1882.0
2014-08-08,1972.0
2014-08-09,2002.0
2014-08-10,1971.0
2014-08-11,1976.0
2014-08-12,1936.0
2014-08-13,1823.0
2014-08-14,1905.0
2014-08-15,2032.0
2014-08-16,2038.0
2014-08-17,1925.0
2014-08-18,1795.0
2014-08-19,1727.0
2014-08-20,1804.0
2014-08-21,1920.0
2014-08-22,1915.0
2014-08-23,1926.0
2014-08-24,2134.0
2014-08-25,2260.0
2014-08-26,2229.0
2014-08-27,2173.0
2014-08-28,2058.0
2014-08-29,1952.0
2014-08-30,1951.0
2014-08-31,1948.0
2014-09-01,1912.0
2014-09-02,1884.0
2014-09-03,1864.0
2014-09-04,1901.0
2014-09-05,1943.0
2014-09-06,1942.0
2014-09-07,1949.0
2014-09-08,1966.0
2014-09-09,1957.0
2014-09-10,2001.0
2014-09-11,2052.0
2014-09-12,2025.0
2014-09-13,2045.0
2014-09-14,2084.0
2014-09-15,2125.0
2014-09-16,2126.0
2014-09-17,2137.0
2014-09-18,2147.0
2014-09-19,2216.0
2014-09-20,2242.0
2014-09-21,2113.0
2014-09-22,1937.0
2014-09-23,1980.0
2014-09-24,2094.0
2014-09-25,2005.0
2014-09-26,2070.0
2014-09-27,2197.0
2014-09-28,2200.0
2014-09-29,2122.0
2014-09-30,2067.0
2014-10-01,2002.0
2014-10-02,1963.0
2014-10-03,1990.0
2014-10-04,1947.0
2014-10-05,2010.0
2014-10-06,2079.0
2014-10-07,1988.0
2014-10-08,1878.0
2014-10-09,1874.0
2014-10-10,1932.0
2014-10-11,1855.0
2014-10-12,1835.0
2014-10-13,1942.0
2014-10-14,1940.0
2014-10-15,1858.0
2014-10-16,1801.0
2014-10-17,1812.0
2014-10-18,1784.0
2014-10-19,1836.0
2014-10-20,1933.0
2014-10-21,1938.0
2014-10-22,1876.0
2014-10-23,1856.0
2014-10-24,1948.0
2014-10-25,2016.0
2014-10-26,1976.0
2014-10-27,1951.0
2014-10-28,1927.0
2014-10-29,1880.0
2014-10-30,1910.0
2014-10-31,2079.0
2014-11-01,1890.0
2014-11-02,1764.0
2014-11-03,1952.0
2014-11-04,1971.0
2014-11-05,1867.0
2014-11-06,1788.0
2014-11-07,1775.0
2014-11-08,1888.0
2014-11-09,1980.0
2014-11-10,2007.0
2014-11-11,2028.0
2014-11-12,1956.0
2014-11-13,1912.0
2014-11-14,1976.0
2014-11-15,2043.0
2014-11-16,2006.0
2014-11-17,1861.0
2014-11-18,1629.0
2014-11-19,1727.0
2014-11-20,1734.0
2014-11-21,1679.0
2014-11-22,1785.0
2014-11-23,1941.0
2014-11-24,1951.0
2014-11-25,1879.0
2014-11-26,1854.0
2014-11-27,1678.0
2014-11-28,1804.0
2014-11-29,1938.0
2014-11-30,1837.0
2014-12-01,1754.0
2014-12-02,1843.0
2014-12-03,1947.0
2014-12-04,1971.0
2014-12-05,2076.0
2014-12-06,1974.0
2014-12-07,1931.0
2014-12-08,2117.0
2014-12-09,2083.0
2014-12-10,2000.0
2014-12-11,1976.0
2014-12-12,1866.0
2014-12-13,1737.0
2014-12-14,1749.0
2014-12-15,1844.0
2014-12-16,1770.0
2014-12-17,1645.0
2014-12-18,1729.0
2014-12-19,1791.0
2014-12-20,1840.0
2014-12-21,1927.0
2014-12-22,2006.0
2014-12-23,1986.0
2014-12-24,1935.0
2014-12-25,1722.0
2014-12-26,1729.0
2014-12-27,1813.0
2014-12-28,1752.0
2014-12-29,1692.0
2014-12-30,1789.0
2014-12-31,1888.0
